2026/08/21 11:41:13 Go runtime metrics collection started
2026/08/21 11:41:13 Collecting metrics: GC, Memory, Goroutines, CPU, etc.
2026/08/21 11:41:13 Runtime metrics initialized successfully (interval: 15s)
{"level":"info","ts":"2026-08-21T11:41:13.037+0700","caller":"apps/client.go:740","msg":"Connecting to Order service","address":"localhost:50057"}
{"level":"info","ts":"2026-08-21T11:41:13.037+0700","caller":"apps/client.go:763","msg":"Successfully connected to Order service"}
{"level":"info","ts":"2026-08-21T11:41:13.037+0700","caller":"apps/client.go:740","msg":"Connecting to MerchantDetail service","address":"localhost:50067"}
{"level":"info","ts":"2026-08-21T11:41:13.038+0700","caller":"apps/client.go:763","msg":"Successfully connected to MerchantDetail service"}
{"level":"info","ts":"2026-08-21T11:41:13.038+0700","caller":"apps/client.go:740","msg":"Connecting to Category service","address":"localhost:50054"}
{"level":"info","ts":"2026-08-21T11:41:13.038+0700","caller":"apps/client.go:763","msg":"Successfully connected to Category service"}
{"level":"info","ts":"2026-08-21T11:41:13.038+0700","caller":"apps/client.go:740","msg":"Connecting to Merchant service","address":"localhost:50055"}
{"level":"info","ts":"2026-08-21T11:41:13.038+0700","caller":"apps/client.go:763","msg":"Successfully connected to Merchant service"}
{"level":"info","ts":"2026-08-21T11:41:13.038+0700","caller":"apps/client.go:740","msg":"Connecting to OrderItem service","address":"localhost:50056"}
{"level":"info","ts":"2026-08-21T11:41:13.038+0700","caller":"apps/client.go:763","msg":"Successfully connected to OrderItem service"}
{"level":"info","ts":"2026-08-21T11:41:13.038+0700","caller":"apps/client.go:740","msg":"Connecting to Review service","address":"localhost:50061"}
{"level":"info","ts":"2026-08-21T11:41:13.038+0700","caller":"apps/client.go:763","msg":"Successfully connected to Review service"}
{"level":"info","ts":"2026-08-21T11:41:13.038+0700","caller":"apps/client.go:740","msg":"Connecting to Banner service","address":"localhost:50064"}
{"level":"info","ts":"2026-08-21T11:41:13.038+0700","caller":"apps/client.go:763","msg":"Successfully connected to Banner service"}
{"level":"info","ts":"2026-08-21T11:41:13.038+0700","caller":"apps/client.go:740","msg":"Connecting to Role service","address":"localhost:50052"}
{"level":"info","ts":"2026-08-21T11:41:13.038+0700","caller":"apps/client.go:763","msg":"Successfully connected to Role service"}
{"level":"info","ts":"2026-08-21T11:41:13.038+0700","caller":"apps/client.go:740","msg":"Connecting to User service","address":"localhost:50053"}
{"level":"info","ts":"2026-08-21T11:41:13.038+0700","caller":"apps/client.go:763","msg":"Successfully connected to User service"}
{"level":"info","ts":"2026-08-21T11:41:13.038+0700","caller":"apps/client.go:740","msg":"Connecting to Product service","address":"localhost:50058"}
{"level":"info","ts":"2026-08-21T11:41:13.038+0700","caller":"apps/client.go:763","msg":"Successfully connected to Product service"}
{"level":"info","ts":"2026-08-21T11:41:13.038+0700","caller":"apps/client.go:740","msg":"Connecting to Cart service","address":"localhost:50060"}
{"level":"info","ts":"2026-08-21T11:41:13.038+0700","caller":"apps/client.go:763","msg":"Successfully connected to Cart service"}
{"level":"info","ts":"2026-08-21T11:41:13.038+0700","caller":"apps/client.go:740","msg":"Connecting to Slider service","address":"localhost:50062"}
{"level":"info","ts":"2026-08-21T11:41:13.038+0700","caller":"apps/client.go:763","msg":"Successfully connected to Slider service"}
{"level":"info","ts":"2026-08-21T11:41:13.038+0700","caller":"apps/client.go:740","msg":"Connecting to Shipping service","address":"localhost:50063"}
{"level":"info","ts":"2026-08-21T11:41:13.038+0700","caller":"apps/client.go:763","msg":"Successfully connected to Shipping service"}
{"level":"info","ts":"2026-08-21T11:41:13.038+0700","caller":"apps/client.go:740","msg":"Connecting to Auth service","address":"localhost:50051"}
{"level":"info","ts":"2026-08-21T11:41:13.038+0700","caller":"apps/client.go:763","msg":"Successfully connected to Auth service"}
{"level":"info","ts":"2026-08-21T11:41:13.038+0700","caller":"apps/client.go:740","msg":"Connecting to Transaction service","address":"localhost:50059"}
{"level":"info","ts":"2026-08-21T11:41:13.038+0700","caller":"apps/client.go:763","msg":"Successfully connected to Transaction service"}
{"level":"info","ts":"2026-08-21T11:41:13.038+0700","caller":"apps/client.go:740","msg":"Connecting to MerchantAward service","address":"localhost:50065"}
{"level":"info","ts":"2026-08-21T11:41:13.038+0700","caller":"apps/client.go:763","msg":"Successfully connected to MerchantAward service"}
{"level":"info","ts":"2026-08-21T11:41:13.038+0700","caller":"apps/client.go:740","msg":"Connecting to MerchantBusiness service","address":"localhost:50066"}
{"level":"info","ts":"2026-08-21T11:41:13.038+0700","caller":"apps/client.go:763","msg":"Successfully connected to MerchantBusiness service"}
{"level":"info","ts":"2026-08-21T11:41:13.038+0700","caller":"apps/client.go:740","msg":"Connecting to MerchantPolicy service","address":"localhost:50068"}
{"level":"info","ts":"2026-08-21T11:41:13.039+0700","caller":"apps/client.go:763","msg":"Successfully connected to MerchantPolicy service"}
{"level":"info","ts":"2026-08-21T11:41:13.039+0700","caller":"apps/client.go:740","msg":"Connecting to ReviewDetail service","address":"localhost:50069"}
{"level":"info","ts":"2026-08-21T11:41:13.039+0700","caller":"apps/client.go:763","msg":"Successfully connected to ReviewDetail service"}
{"level":"info","ts":"2026-08-21T11:41:13.043+0700","caller":"apps/client.go:475","msg":"Redis connection established","addr":"localhost:6379","db":19}
{"level":"info","ts":"2026-08-21T11:41:13.049+0700","caller":"kafka/kafka.go:83","msg":"Kafka producer connected successfully"}
{"level":"info","ts":"2026-08-21T11:41:13.049+0700","caller":"apps/client.go:148","msg":"Cache monitoring task started","interval":"30s"}
{"level":"info","ts":"2026-08-21T11:41:13.049+0700","caller":"apps/client.go:200","msg":"Cache cleanup task started","interval":"5m0s"}
{"level":"info","ts":"2026-08-21T11:41:13.050+0700","caller":"apps/client.go:348","msg":"Client initialized successfully","service":"apigateway","version":"1.0.0","server_port":":5000"}
{"level":"info","ts":"2026-08-21T11:41:13.050+0700","caller":"apps/client.go:803","msg":"HTTP server starting","port":":5000","swagger":"http://localhost:5000/swagger/index.html"}
{"time":"2026-08-21T11:41:14+07:00","id":"aWfdZmsZeMUFJYuRqKEVLsQBuZzkduQp","remote_ip":"::1","host":"localhost:5000","method":"GET","uri":"/health","status":200,"error":"","latency":159553,"latency_human":"159.553µs","bytes_in":0,"bytes_out":102}
2026/08/21 11:41:24 exporter export timeout: rpc error: code = Unavailable desc = connection error: desc = "transport: Error while dialing: dial tcp 127.0.0.1:4317: connect: connection refused"
{"level":"info","ts":"2026-08-21T11:41:25.207+0700","caller":"observability/tracing_metrics.go:105","msg":"Start: register"}
{"level":"info","ts":"2026-08-21T11:41:25.365+0700","caller":"observability/tracing_metrics.go:122","msg":"Request completed successfully"}
{"time":"2026-08-21T11:41:25+07:00","id":"hfONzoAScENIZtBgUSyFuDNFIXgIylpq","remote_ip":"::1","host":"localhost:5000","method":"POST","uri":"/api/auth/register","status":201,"error":"","latency":158294330,"latency_human":"158.29433ms","bytes_in":179,"bytes_out":254}
{"level":"info","ts":"2026-08-21T11:41:25.366+0700","caller":"observability/tracing_metrics.go:105","msg":"Start: login"}
{"level":"debug","ts":"2026-08-21T11:41:25.513+0700","caller":"cache/redis_cache.go:98","msg":"Successfully cached data","cacheKey":"auth:login:hurl.all-endpoints.1787287284@example.com","expiration":"5m0s"}
{"level":"info","ts":"2026-08-21T11:41:25.513+0700","caller":"observability/tracing_metrics.go:122","msg":"Request completed successfully"}
{"time":"2026-08-21T11:41:25+07:00","id":"VkmyVjpNfHJorToUtleGxplnkrMMbVfv","remote_ip":"::1","host":"localhost:5000","method":"POST","uri":"/api/auth/login","status":200,"error":"","latency":147642073,"latency_human":"147.642073ms","bytes_in":91,"bytes_out":389}
{"time":"2026-08-21T11:41:25+07:00","id":"UkyrxkeKPCJGIWRfamfGIbebgUxijucw","remote_ip":"::1","host":"localhost:5000","method":"GET","uri":"/api/auth/hello","status":200,"error":"","latency":39205,"latency_human":"39.205µs","bytes_in":0,"bytes_out":5}
{"level":"info","ts":"2026-08-21T11:41:25.515+0700","caller":"observability/tracing_metrics.go:105","msg":"Start: login"}
{"level":"error","ts":"2026-08-21T11:41:25.515+0700","caller":"errors/api_errors.go:71","msg":"API error in login","error":"[BAD_REQUEST] Validation failed","trace.id":"e737787d9523441cfb1c1806bcdccf98","path":"/api/auth/login","method":"POST"}
{"time":"2026-08-21T11:41:25+07:00","id":"aVMoIUhJmDmCarKCOhKLIvchtPobBLEj","remote_ip":"::1","host":"localhost:5000","method":"POST","uri":"/api/auth/login","status":400,"error":"","latency":326270,"latency_human":"326.27µs","bytes_in":2,"bytes_out":252}
{"level":"info","ts":"2026-08-21T11:41:25.515+0700","caller":"observability/tracing_metrics.go:105","msg":"Start: GetMe"}
{"level":"debug","ts":"2026-08-21T11:41:25.520+0700","caller":"cache/redis_cache.go:98","msg":"Successfully cached data","cacheKey":"auth:user_info:43","expiration":"5m0s"}
{"level":"info","ts":"2026-08-21T11:41:25.520+0700","caller":"observability/tracing_metrics.go:122","msg":"Request completed successfully"}
{"time":"2026-08-21T11:41:25+07:00","id":"cPbbleVKMjXueoJJqkwkoqkRrUWEalEQ","remote_ip":"::1","host":"localhost:5000","method":"GET","uri":"/api/auth/me","status":200,"error":"","latency":4538249,"latency_human":"4.538249ms","bytes_in":0,"bytes_out":250}
{"level":"info","ts":"2026-08-21T11:41:25.520+0700","caller":"observability/tracing_metrics.go:105","msg":"Start: refresh-token"}
{"level":"error","ts":"2026-08-21T11:41:25.520+0700","caller":"errors/api_errors.go:71","msg":"API error in refresh-token","error":"[BAD_REQUEST] Validation failed","trace.id":"2c69aa47833e5fa4a87ee5e7cf2e09e8","path":"/api/auth/refresh-token","method":"POST"}
{"time":"2026-08-21T11:41:25+07:00","id":"AUORlJaZrrfwMHAtSLQPdqCpvZPmNQFA","remote_ip":"::1","host":"localhost:5000","method":"POST","uri":"/api/auth/refresh-token","status":400,"error":"","latency":247459,"latency_human":"247.459µs","bytes_in":2,"bytes_out":203}
{"level":"info","ts":"2026-08-21T11:41:25.521+0700","caller":"observability/tracing_metrics.go:105","msg":"Start: register"}
{"level":"error","ts":"2026-08-21T11:41:25.521+0700","caller":"errors/api_errors.go:71","msg":"API error in register","error":"[BAD_REQUEST] Validation failed","trace.id":"d9999656feb51eb485b55e3f4746d763","path":"/api/auth/register","method":"POST"}
{"time":"2026-08-21T11:41:25+07:00","id":"qinHLOIbQheuXWTmTijpXHnJGFBlnyRo","remote_ip":"::1","host":"localhost:5000","method":"POST","uri":"/api/auth/register","status":400,"error":"","latency":228891,"latency_human":"228.891µs","bytes_in":2,"bytes_out":428}
{"level":"info","ts":"2026-08-21T11:41:25.521+0700","caller":"observability/tracing_metrics.go:105","msg":"Start: CreateBanner"}
{"time":"2026-08-21T11:41:25+07:00","id":"IGMsojVlrNnYkoJoJIlEknIVimdJbaUb","remote_ip":"::1","host":"localhost:5000","method":"POST","uri":"/api/banner-command/create","status":400,"error":"code=400, message=Key: 'CreateBannerRequest.Name' Error:Field validation for 'Name' failed on the 'required' tag\nKey: 'CreateBannerRequest.StartDate' Error:Field validation for 'StartDate' failed on the 'required' tag\nKey: 'CreateBannerRequest.EndDate' Error:Field validation for 'EndDate' failed on the 'required' tag\nKey: 'CreateBannerRequest.StartTime' Error:Field validation for 'StartTime' failed on the 'required' tag\nKey: 'CreateBannerRequest.EndTime' Error:Field validation for 'EndTime' failed on the 'required' tag","latency":425946,"latency_human":"425.946µs","bytes_in":2,"bytes_out":525}
{"level":"info","ts":"2026-08-21T11:41:25.522+0700","caller":"observability/tracing_metrics.go:105","msg":"Start: DeleteAllPermanent"}
{"level":"info","ts":"2026-08-21T11:41:25.525+0700","caller":"observability/tracing_metrics.go:122","msg":"All banners deleted permanently"}
{"time":"2026-08-21T11:41:25+07:00","id":"BYUVELbhIfVAqRLGGECdYQbUzjhPYidf","remote_ip":"::1","host":"localhost:5000","method":"POST","uri":"/api/banner-command/permanent/all","status":200,"error":"","latency":3335682,"latency_human":"3.335682ms","bytes_in":2,"bytes_out":78}
{"level":"info","ts":"2026-08-21T11:41:25.526+0700","caller":"observability/tracing_metrics.go:105","msg":"Start: DeletePermanent"}
{"level":"info","ts":"2026-08-21T11:41:25.528+0700","caller":"observability/tracing_metrics.go:122","msg":"Banner deleted permanently"}
{"time":"2026-08-21T11:41:25+07:00","id":"MfCacqXLnABoqsZKRHQpZjCnnkeiygTF","remote_ip":"::1","host":"localhost:5000","method":"DELETE","uri":"/api/banner-command/permanent/1","status":200,"error":"","latency":2188158,"latency_human":"2.188158ms","bytes_in":2,"bytes_out":73}
{"level":"info","ts":"2026-08-21T11:41:25.529+0700","caller":"observability/tracing_metrics.go:105","msg":"Start: RestoreAll"}
{"level":"info","ts":"2026-08-21T11:41:25.530+0700","caller":"observability/tracing_metrics.go:122","msg":"All banners restored"}
{"time":"2026-08-21T11:41:25+07:00","id":"TPuvGUlmFmWCvuSHQVLLlNbsStXMfeAQ","remote_ip":"::1","host":"localhost:5000","method":"POST","uri":"/api/banner-command/restore/all","status":200,"error":"","latency":1404712,"latency_human":"1.404712ms","bytes_in":2,"bytes_out":67}
{"level":"info","ts":"2026-08-21T11:41:25.531+0700","caller":"observability/tracing_metrics.go:105","msg":"Start: RestoreBanner"}
{"level":"error","ts":"2026-08-21T11:41:25.532+0700","caller":"banner/command.go:345","msg":"Banner command error in Restore","error":"rpc error: code = NotFound desc = banner not found","trace.id":"f10563657bd7dc46c0af5dbcb49c6361"}
{"time":"2026-08-21T11:41:25+07:00","id":"KtGwkrNamjRQIvIeViIsckGLcJucYqPQ","remote_ip":"::1","host":"localhost:5000","method":"POST","uri":"/api/banner-command/restore/1","status":404,"error":"","latency":1593934,"latency_human":"1.593934ms","bytes_in":2,"bytes_out":124}
{"level":"info","ts":"2026-08-21T11:41:25.533+0700","caller":"observability/tracing_metrics.go:105","msg":"Start: TrashBanner"}
{"level":"error","ts":"2026-08-21T11:41:25.534+0700","caller":"banner/command.go:345","msg":"Banner command error in Trash","error":"rpc error: code = NotFound desc = banner not found","trace.id":"950db0f826c955f2b57a27b760e583cb"}
{"time":"2026-08-21T11:41:25+07:00","id":"dOnufmHLLRRuJjcIfqAxLdELSoxGJvSJ","remote_ip":"::1","host":"localhost:5000","method":"POST","uri":"/api/banner-command/trashed/1","status":404,"error":"","latency":1397818,"latency_human":"1.397818ms","bytes_in":2,"bytes_out":124}
{"level":"info","ts":"2026-08-21T11:41:25.535+0700","caller":"observability/tracing_metrics.go:105","msg":"Start: UpdateBanner"}
{"time":"2026-08-21T11:41:25+07:00","id":"xFHcMQwZWkGsZzHzyVLoswnxTSnlsIuo","remote_ip":"::1","host":"localhost:5000","method":"POST","uri":"/api/banner-command/update/1","status":400,"error":"code=400, message=Key: 'UpdateBannerRequest.BannerID' Error:Field validation for 'BannerID' failed on the 'required' tag\nKey: 'UpdateBannerRequest.Name' Error:Field validation for 'Name' failed on the 'required' tag\nKey: 'UpdateBannerRequest.StartDate' Error:Field validation for 'StartDate' failed on the 'required' tag\nKey: 'UpdateBannerRequest.EndDate' Error:Field validation for 'EndDate' failed on the 'required' tag\nKey: 'UpdateBannerRequest.StartTime' Error:Field validation for 'StartTime' failed on the 'required' tag\nKey: 'UpdateBannerRequest.EndTime' Error:Field validation for 'EndTime' failed on the 'required' tag","latency":428522,"latency_human":"428.522µs","bytes_in":2,"bytes_out":629}
{"level":"info","ts":"2026-08-21T11:41:25.536+0700","caller":"observability/tracing_metrics.go:105","msg":"Start: FindAll"}
{"level":"info","ts":"2026-08-21T11:41:25.536+0700","caller":"observability/tracing_metrics.go:122","msg":"Serving from cache"}
{"time":"2026-08-21T11:41:25+07:00","id":"HxWoxmzhgAZCUNEhopVGuLZYUaKdWzsf","remote_ip":"::1","host":"localhost:5000","method":"GET","uri":"/api/banner-query","status":200,"error":"","latency":771961,"latency_human":"771.961µs","bytes_in":0,"bytes_out":1899}
{"level":"info","ts":"2026-08-21T11:41:25.537+0700","caller":"observability/tracing_metrics.go:105","msg":"Start: FindByActive"}
{"level":"info","ts":"2026-08-21T11:41:25.538+0700","caller":"observability/tracing_metrics.go:122","msg":"Serving from cache"}
{"time":"2026-08-21T11:41:25+07:00","id":"cwehIuMTPOAlEGWdzrVGYLYHpooYUTrU","remote_ip":"::1","host":"localhost:5000","method":"GET","uri":"/api/banner-query/active","status":200,"error":"","latency":1042246,"latency_human":"1.042246ms","bytes_in":0,"bytes_out":1800}
{"level":"info","ts":"2026-08-21T11:41:25.538+0700","caller":"observability/tracing_metrics.go:105","msg":"Start: FindByTrashed"}
{"level":"info","ts":"2026-08-21T11:41:25.539+0700","caller":"observability/tracing_metrics.go:122","msg":"Serving from cache"}
{"time":"2026-08-21T11:41:25+07:00","id":"TiwAcIpqbuXOzTWACyhUaZwddYYKldBn","remote_ip":"::1","host":"localhost:5000","method":"GET","uri":"/api/banner-query/trashed","status":200,"error":"","latency":403185,"latency_human":"403.185µs","bytes_in":0,"bytes_out":417}
{"level":"info","ts":"2026-08-21T11:41:25.539+0700","caller":"observability/tracing_metrics.go:105","msg":"Start: FindById"}
{"level":"error","ts":"2026-08-21T11:41:25.541+0700","caller":"banner/query.go:268","msg":"Banner query error in FindById","error":"rpc error: code = NotFound desc = Banner not found","trace.id":"ddd92cbdde1f78bf2e53f84e21dfa0a6"}
{"time":"2026-08-21T11:41:25+07:00","id":"iUCcnHndApusMFUXCdEhRSHNLJAzJrYy","remote_ip":"::1","host":"localhost:5000","method":"GET","uri":"/api/banner-query/1","status":404,"error":"","latency":2164263,"latency_human":"2.164263ms","bytes_in":0,"bytes_out":124}
{"time":"2026-08-21T11:41:25+07:00","id":"dwLTmVRGMSohZWJxpRDoMQyRWFvyXRGK","remote_ip":"::1","host":"localhost:5000","method":"POST","uri":"/api/cart-command/create","status":400,"error":"code=400, message=Key: 'CreateCartRequest.Quantity' Error:Field validation for 'Quantity' failed on the 'required' tag\nKey: 'CreateCartRequest.ProductID' Error:Field validation for 'ProductID' failed on the 'required' tag","latency":277377,"latency_human":"277.377µs","bytes_in":2,"bytes_out":219}
{"time":"2026-08-21T11:41:25+07:00","id":"eRwhaYPZQmFhOgogHNLbjctGSYgQWbYW","remote_ip":"::1","host":"localhost:5000","method":"DELETE","uri":"/api/cart-command/delete","status":400,"error":"code=400, message=Key: 'DeleteCartRequest.CartID' Error:Field validation for 'CartID' failed on the 'required' tag\nKey: 'DeleteCartRequest.UserID' Error:Field validation for 'UserID' failed on the 'required' tag","latency":358865,"latency_human":"358.865µs","bytes_in":2,"bytes_out":209}
{"time":"2026-08-21T11:41:25+07:00","id":"wmlLCWJbxQjKCqmMwNtVAWoEqquQZwWn","remote_ip":"::1","host":"localhost:5000","method":"POST","uri":"/api/cart-command/delete-all","status":400,"error":"code=400, message=Key: 'DeleteAllCartRequest.UserID' Error:Field validation for 'UserID' failed on the 'required' tag\nKey: 'DeleteAllCartRequest.CartIds' Error:Field validation for 'CartIds' failed on the 'required' tag","latency":158201,"latency_human":"158.201µs","bytes_in":2,"bytes_out":217}
{"level":"debug","ts":"2026-08-21T11:41:25.555+0700","caller":"cache/redis_cache.go:98","msg":"Successfully cached data","cacheKey":"cart:all:user:43:page:1:pageSize:10:search:","expiration":"5m0s"}
{"time":"2026-08-21T11:41:25+07:00","id":"ehDSwGWNVSskSXMzXbpEIZLYSVQljGAV","remote_ip":"::1","host":"localhost:5000","method":"GET","uri":"/api/cart-query","status":200,"error":"","latency":11551419,"latency_human":"11.551419ms","bytes_in":0,"bytes_out":158}
{"time":"2026-08-21T11:41:25+07:00","id":"LCVJCQhWRWQHutWTwzMUUJLlFWoNpXwS","remote_ip":"::1","host":"localhost:5000","method":"POST","uri":"/api/category-command/create","status":400,"error":"[BAD_REQUEST] Validation failed","latency":306384,"latency_human":"306.384µs","bytes_in":2,"bytes_out":127}
{"time":"2026-08-21T11:41:25+07:00","id":"aquCUyoWplbTTPMzkqTXDTXTggyWEHVS","remote_ip":"::1","host":"localhost:5000","method":"DELETE","uri":"/api/category-command/permanent/all","status":200,"error":"","latency":4521388,"latency_human":"4.521388ms","bytes_in":2,"bytes_out":81}
{"time":"2026-08-21T11:41:25+07:00","id":"WcyzhyRiMsaUvqJNAwjqwKyEJGJzlhgT","remote_ip":"::1","host":"localhost:5000","method":"DELETE","uri":"/api/category-command/permanent/1","status":404,"error":"[NOT_FOUND] Category not found","latency":2165718,"latency_human":"2.165718ms","bytes_in":2,"bytes_out":126}
{"time":"2026-08-21T11:41:25+07:00","id":"oeTyOJnWSEwnVvHzKNajMeQCSSjOiMNg","remote_ip":"::1","host":"localhost:5000","method":"POST","uri":"/api/category-command/restore/all","status":200,"error":"","latency":1080749,"latency_human":"1.080749ms","bytes_in":2,"bytes_out":70}
{"time":"2026-08-21T11:41:25+07:00","id":"CHjgPOftzLFJJtpvxTfvgSwgYYensOOH","remote_ip":"::1","host":"localhost:5000","method":"POST","uri":"/api/category-command/restore/1","status":404,"error":"[] Category not found","latency":1371535,"latency_human":"1.371535ms","bytes_in":2,"bytes_out":107}
{"time":"2026-08-21T11:41:25+07:00","id":"pzdsxbnvkmuhSHiaLSsLfwsqLlfpcoFH","remote_ip":"::1","host":"localhost:5000","method":"POST","uri":"/api/category-command/trashed/1","status":200,"error":"","latency":2981146,"latency_human":"2.981146ms","bytes_in":2,"bytes_out":335}
{"time":"2026-08-21T11:41:25+07:00","id":"KrWPLhGZZoGirqQYawIBHXtYnZKMnpiF","remote_ip":"::1","host":"localhost:5000","method":"POST","uri":"/api/category-command/update/1","status":400,"error":"[] Validation failed: invalid update category request","latency":1053418,"latency_human":"1.053418ms","bytes_in":2,"bytes_out":139}
{"time":"2026-08-21T11:41:25+07:00","id":"LCXtfhkpuDUrnOoGyawMkgrVxPXzmzhz","remote_ip":"::1","host":"localhost:5000","method":"GET","uri":"/api/category-query","status":200,"error":"","latency":817405,"latency_human":"817.405µs","bytes_in":0,"bytes_out":2560}
{"time":"2026-08-21T11:41:25+07:00","id":"mCqTtcGXgPVlTFsgnQtnZZWMwqdMZsLL","remote_ip":"::1","host":"localhost:5000","method":"GET","uri":"/api/category-query/active","status":200,"error":"","latency":890205,"latency_human":"890.205µs","bytes_in":0,"bytes_out":2727}
{"time":"2026-08-21T11:41:25+07:00","id":"qAvqDxMktQgbnuvdEKALQzigtapLXzYL","remote_ip":"::1","host":"localhost:5000","method":"GET","uri":"/api/category-query/trashed","status":200,"error":"","latency":472326,"latency_human":"472.326µs","bytes_in":0,"bytes_out":469}
{"time":"2026-08-21T11:41:25+07:00","id":"syfqsBvMkVSijoicmpxDErUgzaEQYKeU","remote_ip":"::1","host":"localhost:5000","method":"GET","uri":"/api/category-query/1","status":404,"error":"[] Category not found","latency":1866142,"latency_human":"1.866142ms","bytes_in":0,"bytes_out":107}
{"time":"2026-08-21T11:41:25+07:00","id":"SnNSadoopHcPLBcDOXVOhscOYYVryyvc","remote_ip":"::1","host":"localhost:5000","method":"GET","uri":"/api/category-stats/merchant/monthly-pricing","status":400,"error":"[] Invalid year","latency":1155434,"latency_human":"1.155434ms","bytes_in":0,"bytes_out":101}
{"time":"2026-08-21T11:41:25+07:00","id":"FUBWEnBpqYSVFqtiTfQIMaVYTbTqhNKm","remote_ip":"::1","host":"localhost:5000","method":"GET","uri":"/api/category-stats/merchant/monthly-total-pricing","status":400,"error":"[] Invalid year","latency":1102060,"latency_human":"1.10206ms","bytes_in":0,"bytes_out":101}
{"time":"2026-08-21T11:41:25+07:00","id":"MkDXUpomtQptNWDzIKLrDIzYGHwXOPwr","remote_ip":"::1","host":"localhost:5000","method":"GET","uri":"/api/category-stats/merchant/yearly-pricing","status":400,"error":"[] Invalid year","latency":910249,"latency_human":"910.249µs","bytes_in":0,"bytes_out":101}
{"time":"2026-08-21T11:41:25+07:00","id":"eGrGbdONsfnZNtpOkHcwuQArzauOqTqB","remote_ip":"::1","host":"localhost:5000","method":"GET","uri":"/api/category-stats/merchant/yearly-total-pricing","status":400,"error":"[] Invalid year","latency":1063302,"latency_human":"1.063302ms","bytes_in":0,"bytes_out":101}
{"time":"2026-08-21T11:41:25+07:00","id":"xoExWIxyewplXAyYIlFAqMbzOAcrtEtn","remote_ip":"::1","host":"localhost:5000","method":"GET","uri":"/api/category-stats/monthly-pricing","status":400,"error":"[] Invalid year","latency":1120934,"latency_human":"1.120934ms","bytes_in":0,"bytes_out":101}
{"time":"2026-08-21T11:41:25+07:00","id":"rsXDgbmEYmtdtgHmRPEzMCibeIwqMBIp","remote_ip":"::1","host":"localhost:5000","method":"GET","uri":"/api/category-stats/monthly-total-pricing","status":400,"error":"[] Invalid year","latency":1054334,"latency_human":"1.054334ms","bytes_in":0,"bytes_out":101}
{"time":"2026-08-21T11:41:25+07:00","id":"DLfIUWLQbBFSnSvDsiCWZfCetWjfzVCA","remote_ip":"::1","host":"localhost:5000","method":"GET","uri":"/api/category-stats/mycategory/monthly-pricing","status":400,"error":"[] Invalid year","latency":1098155,"latency_human":"1.098155ms","bytes_in":0,"bytes_out":101}
{"time":"2026-08-21T11:41:25+07:00","id":"MnvGNoOMVLjpDrxgtysQgHGRSUiskMgx","remote_ip":"::1","host":"localhost:5000","method":"GET","uri":"/api/category-stats/mycategory/monthly-total-pricing","status":400,"error":"[] Invalid year","latency":1256121,"latency_human":"1.256121ms","bytes_in":0,"bytes_out":101}
{"time":"2026-08-21T11:41:25+07:00","id":"DNUuPjrBnLnoYYdllUSgsGamuhgKdyJf","remote_ip":"::1","host":"localhost:5000","method":"GET","uri":"/api/category-stats/mycategory/yearly-pricing","status":400,"error":"[] Invalid year","latency":1178966,"latency_human":"1.178966ms","bytes_in":0,"bytes_out":101}
{"time":"2026-08-21T11:41:25+07:00","id":"BjqJLsDcFLqrYnsSjQkaspVTVQfzFTDw","remote_ip":"::1","host":"localhost:5000","method":"GET","uri":"/api/category-stats/mycategory/yearly-total-pricing","status":400,"error":"[] Invalid year","latency":1002114,"latency_human":"1.002114ms","bytes_in":0,"bytes_out":101}
{"time":"2026-08-21T11:41:25+07:00","id":"pSJPOmtwOUsarmSaDtfeMFvZyotNvVAD","remote_ip":"::1","host":"localhost:5000","method":"GET","uri":"/api/category-stats/yearly-pricing","status":400,"error":"[] Invalid year","latency":893070,"latency_human":"893.07µs","bytes_in":0,"bytes_out":101}
{"time":"2026-08-21T11:41:25+07:00","id":"xaEqxWIpZwcifmrnYehBgyKFuaLkKgXw","remote_ip":"::1","host":"localhost:5000","method":"GET","uri":"/api/category-stats/yearly-total-pricing","status":400,"error":"[] Invalid year","latency":869339,"latency_human":"869.339µs","bytes_in":0,"bytes_out":101}
{"time":"2026-08-21T11:41:25+07:00","id":"keWbrxTHvASjfMDBBhTNkZpzrffLxfjM","remote_ip":"::1","host":"localhost:5000","method":"POST","uri":"/api/merchant-award-command/create","status":400,"error":"code=400, message=Key: 'CreateMerchantCertificationOrAwardRequest.MerchantID' Error:Field validation for 'MerchantID' failed on the 'required' tag\nKey: 'CreateMerchantCertificationOrAwardRequest.Title' Error:Field validation for 'Title' failed on the 'required' tag\nKey: 'CreateMerchantCertificationOrAwardRequest.Description' Error:Field validation for 'Description' failed on the 'required' tag\nKey: 'CreateMerchantCertificationOrAwardRequest.IssuedBy' Error:Field validation for 'IssuedBy' failed on the 'required' tag\nKey: 'CreateMerchantCertificationOrAwardRequest.IssueDate' Error:Field validation for 'IssueDate' failed on the 'required' tag","latency":210888,"latency_human":"210.888µs","bytes_in":2,"bytes_out":649}
{"time":"2026-08-21T11:41:25+07:00","id":"jutyfwobigtvLnjHFlLGhNZFsrYemzir","remote_ip":"::1","host":"localhost:5000","method":"POST","uri":"/api/merchant-award-command/permanent/all","status":200,"error":"","latency":7140338,"latency_human":"7.140338ms","bytes_in":2,"bytes_out":86}
{"time":"2026-08-21T11:41:25+07:00","id":"hnqxpOuLxsPrQxTGkFJQGQXdmRFWIhEL","remote_ip":"::1","host":"localhost:5000","method":"DELETE","uri":"/api/merchant-award-command/permanent/1","status":200,"error":"","latency":3554497,"latency_human":"3.554497ms","bytes_in":2,"bytes_out":81}
{"time":"2026-08-21T11:41:25+07:00","id":"gyzffaSvKliFfOnEzVLsdbbNAISshLbw","remote_ip":"::1","host":"localhost:5000","method":"POST","uri":"/api/merchant-award-command/restore/all","status":200,"error":"","latency":1335340,"latency_human":"1.33534ms","bytes_in":2,"bytes_out":83}
{"time":"2026-08-21T11:41:25+07:00","id":"zwQgWiErnQyNEmjjjivUNgNfvRvbgItm","remote_ip":"::1","host":"localhost:5000","method":"POST","uri":"/api/merchant-award-command/restore/1","status":404,"error":"[NOT_FOUND] merchant award not found","latency":1908075,"latency_human":"1.908075ms","bytes_in":2,"bytes_out":132}
{"time":"2026-08-21T11:41:25+07:00","id":"AusBIORDamPETAbIYIoxqDwHnxfNqTFs","remote_ip":"::1","host":"localhost:5000","method":"POST","uri":"/api/merchant-award-command/trashed/1","status":200,"error":"","latency":4329617,"latency_human":"4.329617ms","bytes_in":2,"bytes_out":452}
{"time":"2026-08-21T11:41:25+07:00","id":"WXLLxvpVEjydaqCgcYpevwUJdnGLFUPb","remote_ip":"::1","host":"localhost:5000","method":"POST","uri":"/api/merchant-award-command/update/1","status":400,"error":"code=400, message=Key: 'UpdateMerchantCertificationOrAwardRequest.Title' Error:Field validation for 'Title' failed on the 'required' tag\nKey: 'UpdateMerchantCertificationOrAwardRequest.Description' Error:Field validation for 'Description' failed on the 'required' tag\nKey: 'UpdateMerchantCertificationOrAwardRequest.IssuedBy' Error:Field validation for 'IssuedBy' failed on the 'required' tag\nKey: 'UpdateMerchantCertificationOrAwardRequest.IssueDate' Error:Field validation for 'IssueDate' failed on the 'required' tag","latency":410664,"latency_human":"410.664µs","bytes_in":2,"bytes_out":519}
{"level":"debug","ts":"2026-08-21T11:41:25.629+0700","caller":"cache/redis_cache.go:98","msg":"Successfully cached data","cacheKey":"merchant_award:all:page:1:pageSize:10:search:","expiration":"5m0s"}
{"time":"2026-08-21T11:41:25+07:00","id":"XcgGwukzgGJCdqUcyLaXIjIiIvGuKCvN","remote_ip":"::1","host":"localhost:5000","method":"GET","uri":"/api/merchant-award-query","status":200,"error":"","latency":9275850,"latency_human":"9.27585ms","bytes_in":0,"bytes_out":2659}
{"level":"debug","ts":"2026-08-21T11:41:25.635+0700","caller":"cache/redis_cache.go:98","msg":"Successfully cached data","cacheKey":"merchant_award:active:page:1:pageSize:10:search:","expiration":"5m0s"}
{"time":"2026-08-21T11:41:25+07:00","id":"yqPkNJtNJVzTQFfrOpaquAbSVYKLcXmJ","remote_ip":"::1","host":"localhost:5000","method":"GET","uri":"/api/merchant-award-query/active","status":200,"error":"","latency":4864465,"latency_human":"4.864465ms","bytes_in":0,"bytes_out":2778}
{"level":"debug","ts":"2026-08-21T11:41:25.644+0700","caller":"cache/redis_cache.go:98","msg":"Successfully cached data","cacheKey":"merchant_award:trashed:page:1:pageSize:10:search:","expiration":"5m0s"}
{"time":"2026-08-21T11:41:25+07:00","id":"LIqtcUixahxqqsONpkAwMynOxUlacNVv","remote_ip":"::1","host":"localhost:5000","method":"GET","uri":"/api/merchant-award-query/trashed","status":200,"error":"","latency":8987459,"latency_human":"8.987459ms","bytes_in":0,"bytes_out":537}
{"time":"2026-08-21T11:41:25+07:00","id":"uvMsvdzdqOjjEnxCeVubabdPevhrwGIy","remote_ip":"::1","host":"localhost:5000","method":"GET","uri":"/api/merchant-award-query/1","status":404,"error":"[NOT_FOUND] merchant award not found","latency":2650080,"latency_human":"2.65008ms","bytes_in":0,"bytes_out":132}
{"time":"2026-08-21T11:41:25+07:00","id":"QYmnmAsBpwAxDmIDHbvLPfRpHpLifWHA","remote_ip":"::1","host":"localhost:5000","method":"POST","uri":"/api/merchant-business-command/create","status":400,"error":"code=400, message=Key: 'CreateMerchantBusinessInformationRequest.MerchantID' Error:Field validation for 'MerchantID' failed on the 'required' tag\nKey: 'CreateMerchantBusinessInformationRequest.BusinessType' Error:Field validation for 'BusinessType' failed on the 'required' tag\nKey: 'CreateMerchantBusinessInformationRequest.TaxID' Error:Field validation for 'TaxID' failed on the 'required' tag\nKey: 'CreateMerchantBusinessInformationRequest.EstablishedYear' Error:Field validation for 'EstablishedYear' failed on the 'required' tag\nKey: 'CreateMerchantBusinessInformationRequest.NumberOfEmployees' Error:Field validation for 'NumberOfEmployees' failed on the 'required' tag","latency":293837,"latency_human":"293.837µs","bytes_in":2,"bytes_out":676}
{"time":"2026-08-21T11:41:25+07:00","id":"jJjtfSFMwkfMvaDFMYMyYXJjCrlDbrKq","remote_ip":"::1","host":"localhost:5000","method":"POST","uri":"/api/merchant-business-command/permanent/all","status":200,"error":"","latency":6412908,"latency_human":"6.412908ms","bytes_in":2,"bytes_out":90}
{"time":"2026-08-21T11:41:25+07:00","id":"XaJBQlETcdeblpXTTwgdCHCyLgxHZtPt","remote_ip":"::1","host":"localhost:5000","method":"DELETE","uri":"/api/merchant-business-command/permanent/1","status":200,"error":"","latency":3704717,"latency_human":"3.704717ms","bytes_in":2,"bytes_out":84}
{"time":"2026-08-21T11:41:25+07:00","id":"zIwnFnoepSwKfWoTkEKAeoPqYxfYbwwQ","remote_ip":"::1","host":"localhost:5000","method":"POST","uri":"/api/merchant-business-command/restore/all","status":200,"error":"","latency":1497655,"latency_human":"1.497655ms","bytes_in":2,"bytes_out":87}
{"time":"2026-08-21T11:41:25+07:00","id":"JSidEDvcuCKIVObIntjLJgTDnetBaoey","remote_ip":"::1","host":"localhost:5000","method":"POST","uri":"/api/merchant-business-command/restore/1","status":404,"error":"[NOT_FOUND] merchant business not found","latency":2153451,"latency_human":"2.153451ms","bytes_in":2,"bytes_out":135}
{"time":"2026-08-21T11:41:25+07:00","id":"DNSKEyhjViSHfOYAgjwPfMBxImGySIWK","remote_ip":"::1","host":"localhost:5000","method":"POST","uri":"/api/merchant-business-command/trashed/1","status":200,"error":"","latency":4446039,"latency_human":"4.446039ms","bytes_in":2,"bytes_out":395}
{"time":"2026-08-21T11:41:25+07:00","id":"dpveRsjZLHoEAuHzWswBvurbprOuwTpD","remote_ip":"::1","host":"localhost:5000","method":"POST","uri":"/api/merchant-business-command/update/1","status":400,"error":"code=400, message=Key: 'UpdateMerchantBusinessInformationRequest.BusinessType' Error:Field validation for 'BusinessType' failed on the 'required' tag\nKey: 'UpdateMerchantBusinessInformationRequest.TaxID' Error:Field validation for 'TaxID' failed on the 'required' tag\nKey: 'UpdateMerchantBusinessInformationRequest.EstablishedYear' Error:Field validation for 'EstablishedYear' failed on the 'required' tag\nKey: 'UpdateMerchantBusinessInformationRequest.NumberOfEmployees' Error:Field validation for 'NumberOfEmployees' failed on the 'required' tag","latency":307954,"latency_human":"307.954µs","bytes_in":2,"bytes_out":547}
{"level":"debug","ts":"2026-08-21T11:41:25.683+0700","caller":"cache/redis_cache.go:98","msg":"Successfully cached data","cacheKey":"merchant_business:all:page:1:pageSize:10:search:","expiration":"5m0s"}
{"time":"2026-08-21T11:41:25+07:00","id":"mqbYIlEaSFTnAIwGGSVtjqeeBDteswZm","remote_ip":"::1","host":"localhost:5000","method":"GET","uri":"/api/merchant-business-query","status":200,"error":"","latency":11403176,"latency_human":"11.403176ms","bytes_in":0,"bytes_out":2087}
{"level":"debug","ts":"2026-08-21T11:41:25.688+0700","caller":"cache/redis_cache.go:98","msg":"Successfully cached data","cacheKey":"merchant_business:active:page:1:pageSize:10:search:","expiration":"5m0s"}
{"time":"2026-08-21T11:41:25+07:00","id":"dbQpZdOZEwzBSHLJBSFMSvAXawKKVlij","remote_ip":"::1","host":"localhost:5000","method":"GET","uri":"/api/merchant-business-query/active","status":200,"error":"","latency":5211587,"latency_human":"5.211587ms","bytes_in":0,"bytes_out":2206}
{"level":"debug","ts":"2026-08-21T11:41:25.694+0700","caller":"cache/redis_cache.go:98","msg":"Successfully cached data","cacheKey":"merchant_business:trashed:page:1:pageSize:10:search:","expiration":"5m0s"}
{"time":"2026-08-21T11:41:25+07:00","id":"FwrvNAAeIyFNSGlsCMTyWBYmBiEMELYv","remote_ip":"::1","host":"localhost:5000","method":"GET","uri":"/api/merchant-business-query/trashed","status":200,"error":"","latency":5408772,"latency_human":"5.408772ms","bytes_in":0,"bytes_out":477}
{"time":"2026-08-21T11:41:25+07:00","id":"STEJbzpLSSbsNMNZrfRELsSUSbBRuefT","remote_ip":"::1","host":"localhost:5000","method":"GET","uri":"/api/merchant-business-query/1","status":404,"error":"[NOT_FOUND] merchant business not found","latency":2832845,"latency_human":"2.832845ms","bytes_in":0,"bytes_out":135}
{"time":"2026-08-21T11:41:25+07:00","id":"aXUuIJcUWyhSMPFQaSrHTVXWGatrXjwY","remote_ip":"::1","host":"localhost:5000","method":"POST","uri":"/api/merchant-command/create","status":400,"error":"[BAD_REQUEST] Validation failed","latency":244023,"latency_human":"244.023µs","bytes_in":2,"bytes_out":127}
{"time":"2026-08-21T11:41:25+07:00","id":"IvfUaDoBZJfuJhssRSNsTeIyuazyzfJu","remote_ip":"::1","host":"localhost:5000","method":"POST","uri":"/api/merchant-command/permanent/all","status":200,"error":"","latency":2890639,"latency_human":"2.890639ms","bytes_in":2,"bytes_out":80}
{"time":"2026-08-21T11:41:25+07:00","id":"vaQurJhPlLUgjJBuBtVtGuvxkvIYMrwX","remote_ip":"::1","host":"localhost:5000","method":"DELETE","uri":"/api/merchant-command/permanent/1","status":200,"error":"","latency":2713632,"latency_human":"2.713632ms","bytes_in":2,"bytes_out":75}
{"time":"2026-08-21T11:41:25+07:00","id":"NWMLwjGlqnnJFZiWSvWJPkzSkFyOZyzB","remote_ip":"::1","host":"localhost:5000","method":"POST","uri":"/api/merchant-command/restore/all","status":200,"error":"","latency":1162157,"latency_human":"1.162157ms","bytes_in":2,"bytes_out":69}
{"time":"2026-08-21T11:41:25+07:00","id":"ycYAbWRCYfTKAEkYthVbJZqchgdGvdEB","remote_ip":"::1","host":"localhost:5000","method":"POST","uri":"/api/merchant-command/restore/1","status":404,"error":"[NOT_FOUND] merchant not found","latency":1986923,"latency_human":"1.986923ms","bytes_in":2,"bytes_out":126}
{"time":"2026-08-21T11:41:25+07:00","id":"qoFqInkajRUFNoYyyjyzwdnOgyhwQetw","remote_ip":"::1","host":"localhost:5000","method":"POST","uri":"/api/merchant-command/trashed/1","status":200,"error":"","latency":3121139,"latency_human":"3.121139ms","bytes_in":2,"bytes_out":445}
{"time":"2026-08-21T11:41:25+07:00","id":"TUYaqmYfubXQorDHZOrIIIFIjmVGHjMj","remote_ip":"::1","host":"localhost:5000","method":"POST","uri":"/api/merchant-command/update/1","status":400,"error":"[BAD_REQUEST] Validation failed","latency":204313,"latency_human":"204.313µs","bytes_in":2,"bytes_out":127}
{"time":"2026-08-21T11:41:25+07:00","id":"FxvykzbFZNplyUijzcPtmPXRpkLXuAVc","remote_ip":"::1","host":"localhost:5000","method":"POST","uri":"/api/merchant-detail-command/create","status":400,"error":"[] Validation failed: invalid create merchant detail request","latency":2549518,"latency_human":"2.549518ms","bytes_in":2,"bytes_out":146}
{"time":"2026-08-21T11:41:25+07:00","id":"nVsilnGOHYeBJMprdsGJsSkQiqTMexdA","remote_ip":"::1","host":"localhost:5000","method":"POST","uri":"/api/merchant-detail-command/permanent/all","status":200,"error":"","latency":4568223,"latency_human":"4.568223ms","bytes_in":2,"bytes_out":87}
{"time":"2026-08-21T11:41:25+07:00","id":"XbtmDLDjYKoixFMJqazrHUTOBlrxMbZO","remote_ip":"::1","host":"localhost:5000","method":"DELETE","uri":"/api/merchant-detail-command/permanent/1","status":200,"error":"","latency":7119212,"latency_human":"7.119212ms","bytes_in":2,"bytes_out":82}
{"time":"2026-08-21T11:41:25+07:00","id":"PCAyFZGHTPPiFIfAqVEzLFXnjHXlagco","remote_ip":"::1","host":"localhost:5000","method":"POST","uri":"/api/merchant-detail-command/restore/all","status":200,"error":"","latency":1180873,"latency_human":"1.180873ms","bytes_in":2,"bytes_out":76}
{"time":"2026-08-21T11:41:25+07:00","id":"UZJSVbgqjncLnHUheNFWbwRMYWnnLXoT","remote_ip":"::1","host":"localhost:5000","method":"POST","uri":"/api/merchant-detail-command/restore/1","status":404,"error":"[NOT_FOUND] merchant detail not found","latency":1819116,"latency_human":"1.819116ms","bytes_in":2,"bytes_out":133}
{"time":"2026-08-21T11:41:25+07:00","id":"ZuPLrhcShhrxNBvrzKfauSJaoiWMDquX","remote_ip":"::1","host":"localhost:5000","method":"POST","uri":"/api/merchant-detail-command/trashed/1","status":404,"error":"[NOT_FOUND] merchant detail not found","latency":1377333,"latency_human":"1.377333ms","bytes_in":2,"bytes_out":133}
{"time":"2026-08-21T11:41:25+07:00","id":"mvtifuOsNHPxUrRLTUUwisYbfMErTZjQ","remote_ip":"::1","host":"localhost:5000","method":"POST","uri":"/api/merchant-detail-command/update/1","status":400,"error":"[BAD_REQUEST] Key: 'UpdateMerchantDetailRequest.DisplayName' Error:Field validation for 'DisplayName' failed on the 'required' tag\nKey: 'UpdateMerchantDetailRequest.ShortDescription' Error:Field validation for 'ShortDescription' failed on the 'required' tag","latency":301874,"latency_human":"301.874µs","bytes_in":2,"bytes_out":354}
{"level":"debug","ts":"2026-08-21T11:41:25.750+0700","caller":"cache/redis_cache.go:98","msg":"Successfully cached data","cacheKey":"merchant_detail:all:page:1:pageSize:10:search:","expiration":"5m0s"}
{"time":"2026-08-21T11:41:25+07:00","id":"ZchzRCzzdPvCvanYgvekvIqNgOyWQTeZ","remote_ip":"::1","host":"localhost:5000","method":"GET","uri":"/api/merchant-detail-query","status":200,"error":"","latency":13214753,"latency_human":"13.214753ms","bytes_in":0,"bytes_out":2337}
{"level":"debug","ts":"2026-08-21T11:41:25.758+0700","caller":"cache/redis_cache.go:98","msg":"Successfully cached data","cacheKey":"merchant_detail:active:page:1:pageSize:10:search:","expiration":"5m0s"}
{"time":"2026-08-21T11:41:25+07:00","id":"jfIzypxLyZuNParFJBHHJSsvZlcwOxHe","remote_ip":"::1","host":"localhost:5000","method":"GET","uri":"/api/merchant-detail-query/active","status":200,"error":"","latency":6901920,"latency_human":"6.90192ms","bytes_in":0,"bytes_out":2456}
{"level":"debug","ts":"2026-08-21T11:41:25.764+0700","caller":"cache/redis_cache.go:98","msg":"Successfully cached data","cacheKey":"merchant_detail:trashed:page:1:pageSize:10:search:","expiration":"5m0s"}
{"time":"2026-08-21T11:41:25+07:00","id":"ayYGwKZtROXVSHBneVagZbGMKtWWonAp","remote_ip":"::1","host":"localhost:5000","method":"GET","uri":"/api/merchant-detail-query/trashed","status":200,"error":"","latency":5578300,"latency_human":"5.5783ms","bytes_in":0,"bytes_out":172}
{"time":"2026-08-21T11:41:25+07:00","id":"AFWYRetvAkxwlOsDeDNuFZOQLgrpIrGX","remote_ip":"::1","host":"localhost:5000","method":"GET","uri":"/api/merchant-detail-query/1","status":404,"error":"[NOT_FOUND] merchant detail not found","latency":3686740,"latency_human":"3.68674ms","bytes_in":0,"bytes_out":133}
{"time":"2026-08-21T11:41:25+07:00","id":"xibDbNUeUtTPblFjSHyeBLVHDMUwUcco","remote_ip":"::1","host":"localhost:5000","method":"POST","uri":"/api/merchant-document-command/create","status":400,"error":"code=400, message=Invalid merchant ID","latency":136342,"latency_human":"136.342µs","bytes_in":2,"bytes_out":34}
{"time":"2026-08-21T11:41:25+07:00","id":"iNeyIXJOwnRQzTxalMaSmSmtJcwWNsUV","remote_ip":"::1","host":"localhost:5000","method":"POST","uri":"/api/merchant-document-command/permanent/all","status":200,"error":"","latency":4334732,"latency_human":"4.334732ms","bytes_in":2,"bytes_out":89}
{"time":"2026-08-21T11:41:25+07:00","id":"VeppPTgAgXIQxaECKvjFBRvrpwKZKAcl","remote_ip":"::1","host":"localhost:5000","method":"DELETE","uri":"/api/merchant-document-command/permanent/1","status":200,"error":"","latency":2849562,"latency_human":"2.849562ms","bytes_in":2,"bytes_out":84}
{"time":"2026-08-21T11:41:25+07:00","id":"MiSltQRooUcyEXMNEQKUYJlZQTtmrMEN","remote_ip":"::1","host":"localhost:5000","method":"POST","uri":"/api/merchant-document-command/restore/all","status":200,"error":"","latency":1234570,"latency_human":"1.23457ms","bytes_in":2,"bytes_out":78}
{"level":"error","ts":"2026-08-21T11:41:25.782+0700","caller":"merchant_document/command.go:349","msg":"Failed to Restore"}
{"time":"2026-08-21T11:41:25+07:00","id":"AAGPzmIDKQrfApCMnMXVFEmxJZcaoVrw","remote_ip":"::1","host":"localhost:5000","method":"POST","uri":"/api/merchant-document-command/restore/1","status":404,"error":"[NOT_FOUND] merchant not found","latency":2443658,"latency_human":"2.443658ms","bytes_in":2,"bytes_out":126}
{"level":"error","ts":"2026-08-21T11:41:25.785+0700","caller":"merchant_document/command.go:349","msg":"Failed to Trash"}
{"time":"2026-08-21T11:41:25+07:00","id":"WJsSvssDtSNjwLjtZtvlBOHseUJPzfnX","remote_ip":"::1","host":"localhost:5000","method":"POST","uri":"/api/merchant-document-command/trashed/1","status":404,"error":"[NOT_FOUND] merchant not found","latency":2221379,"latency_human":"2.221379ms","bytes_in":2,"bytes_out":126}
{"time":"2026-08-21T11:41:25+07:00","id":"IVdIUzFgkJwBZYuwxHAoXnqmPKRXOKFC","remote_ip":"::1","host":"localhost:5000","method":"POST","uri":"/api/merchant-document-command/update-status/1","status":400,"error":"code=400, message=Key: 'UpdateMerchantDocumentStatusRequest.MerchantID' Error:Field validation for 'MerchantID' failed on the 'required' tag\nKey: 'UpdateMerchantDocumentStatusRequest.Status' Error:Field validation for 'Status' failed on the 'required' tag\nKey: 'UpdateMerchantDocumentStatusRequest.Note' Error:Field validation for 'Note' failed on the 'required' tag","latency":382835,"latency_human":"382.835µs","bytes_in":2,"bytes_out":365}
{"time":"2026-08-21T11:41:25+07:00","id":"KAKvdbdBzZolklnBSDzdQtZHCHxEAFge","remote_ip":"::1","host":"localhost:5000","method":"POST","uri":"/api/merchant-document-command/update/1","status":400,"error":"code=400, message=Invalid merchant ID","latency":118181,"latency_human":"118.181µs","bytes_in":2,"bytes_out":34}
{"time":"2026-08-21T11:41:25+07:00","id":"eMGIWMLZeJNhfLONsDHcTgxmluQXLDXt","remote_ip":"::1","host":"localhost:5000","method":"GET","uri":"/api/merchant-document-query","status":200,"error":"","latency":3349265,"latency_human":"3.349265ms","bytes_in":0,"bytes_out":166}
{"time":"2026-08-21T11:41:25+07:00","id":"sYgxusDYpWYbtQCVOKkzPQsHAGsTIeFn","remote_ip":"::1","host":"localhost:5000","method":"GET","uri":"/api/merchant-document-query/active","status":200,"error":"","latency":3097485,"latency_human":"3.097485ms","bytes_in":0,"bytes_out":173}
{"time":"2026-08-21T11:41:25+07:00","id":"keYFCeHpqaoJiGTizlpHuShKFjCQLCRx","remote_ip":"::1","host":"localhost:5000","method":"GET","uri":"/api/merchant-document-query/trashed","status":200,"error":"","latency":2263118,"latency_human":"2.263118ms","bytes_in":0,"bytes_out":174}
{"level":"error","ts":"2026-08-21T11:41:25.799+0700","caller":"merchant_document/query.go:172","msg":"Failed to FindById"}
{"time":"2026-08-21T11:41:25+07:00","id":"shoOUdTXJGdFHuCBsDQILJhzbxJnpkEZ","remote_ip":"::1","host":"localhost:5000","method":"GET","uri":"/api/merchant-document-query/1","status":404,"error":"[NOT_FOUND] merchant not found","latency":2213366,"latency_human":"2.213366ms","bytes_in":0,"bytes_out":126}
{"time":"2026-08-21T11:41:25+07:00","id":"llXEQUTNQjHKmVHmjHcnbsjEhZXMUSVt","remote_ip":"::1","host":"localhost:5000","method":"POST","uri":"/api/merchant-policy-command/create","status":400,"error":"code=400, message=Key: 'CreateMerchantPolicyRequest.MerchantID' Error:Field validation for 'MerchantID' failed on the 'required' tag\nKey: 'CreateMerchantPolicyRequest.PolicyType' Error:Field validation for 'PolicyType' failed on the 'required' tag\nKey: 'CreateMerchantPolicyRequest.Title' Error:Field validation for 'Title' failed on the 'required' tag\nKey: 'CreateMerchantPolicyRequest.Description' Error:Field validation for 'Description' failed on the 'required' tag","latency":411953,"latency_human":"411.953µs","bytes_in":2,"bytes_out":469}
{"level":"info","ts":"2026-08-21T11:41:25.802+0700","caller":"observability/tracing_metrics.go:105","msg":"Start: DeleteAllMerchantPoliciesPermanent"}
{"level":"info","ts":"2026-08-21T11:41:25.809+0700","caller":"observability/tracing_metrics.go:122","msg":"Successfully deleted all merchant policies permanently"}
{"time":"2026-08-21T11:41:25+07:00","id":"OuXlKJeITmoyqmYcUqSNeHlArzBqgdTf","remote_ip":"::1","host":"localhost:5000","method":"POST","uri":"/api/merchant-policy-command/permanent/all","status":200,"error":"","latency":7484379,"latency_human":"7.484379ms","bytes_in":2,"bytes_out":88}
{"level":"info","ts":"2026-08-21T11:41:25.810+0700","caller":"observability/tracing_metrics.go:105","msg":"Start: DeleteMerchantPolicyPermanent"}
{"level":"info","ts":"2026-08-21T11:41:25.813+0700","caller":"observability/tracing_metrics.go:122","msg":"Successfully deleted merchant policy permanently"}
{"time":"2026-08-21T11:41:25+07:00","id":"PalSLaOIJGtMuSMGvKIdSRBlcGzrbIwT","remote_ip":"::1","host":"localhost:5000","method":"DELETE","uri":"/api/merchant-policy-command/permanent/1","status":200,"error":"","latency":2977136,"latency_human":"2.977136ms","bytes_in":2,"bytes_out":82}
{"level":"info","ts":"2026-08-21T11:41:25.813+0700","caller":"observability/tracing_metrics.go:105","msg":"Start: RestoreAllMerchantPolicies"}
{"level":"info","ts":"2026-08-21T11:41:25.815+0700","caller":"observability/tracing_metrics.go:122","msg":"Successfully restored all merchant policies"}
{"time":"2026-08-21T11:41:25+07:00","id":"BUNFCOKEuPJyGkqrQrwwOFzNawgDHnbg","remote_ip":"::1","host":"localhost:5000","method":"POST","uri":"/api/merchant-policy-command/restore/all","status":200,"error":"","latency":1345952,"latency_human":"1.345952ms","bytes_in":2,"bytes_out":77}
{"level":"info","ts":"2026-08-21T11:41:25.815+0700","caller":"observability/tracing_metrics.go:105","msg":"Start: RestoreMerchantPolicy"}
{"level":"error","ts":"2026-08-21T11:41:25.817+0700","caller":"merchant_policy/command.go:300","msg":"Merchant policy command error in Restore","error":"rpc error: code = NotFound desc = merchant policy not found","trace.id":"68724c8b462aa279d2344ff4ee821de0"}
{"time":"2026-08-21T11:41:25+07:00","id":"JizLTcEsiizneJoIQtFXPTvYaeazCZWS","remote_ip":"::1","host":"localhost:5000","method":"POST","uri":"/api/merchant-policy-command/restore/1","status":404,"error":"","latency":1891611,"latency_human":"1.891611ms","bytes_in":2,"bytes_out":133}
{"level":"info","ts":"2026-08-21T11:41:25.818+0700","caller":"observability/tracing_metrics.go:105","msg":"Start: TrashedMerchantPolicy"}
{"level":"info","ts":"2026-08-21T11:41:25.821+0700","caller":"observability/tracing_metrics.go:122","msg":"Successfully moved merchant policy to trash"}
{"time":"2026-08-21T11:41:25+07:00","id":"BwaXggjETaAMSiJgWmTVrjsARMKCotTi","remote_ip":"::1","host":"localhost:5000","method":"POST","uri":"/api/merchant-policy-command/trashed/1","status":200,"error":"","latency":3637646,"latency_human":"3.637646ms","bytes_in":2,"bytes_out":457}
{"time":"2026-08-21T11:41:25+07:00","id":"fIPKfWhfchfgxWvJvbRXrAfeswikEOXk","remote_ip":"::1","host":"localhost:5000","method":"POST","uri":"/api/merchant-policy-command/update/1","status":400,"error":"code=400, message=Key: 'UpdateMerchantPolicyRequest.PolicyType' Error:Field validation for 'PolicyType' failed on the 'required' tag\nKey: 'UpdateMerchantPolicyRequest.Title' Error:Field validation for 'Title' failed on the 'required' tag\nKey: 'UpdateMerchantPolicyRequest.Description' Error:Field validation for 'Description' failed on the 'required' tag","latency":261596,"latency_human":"261.596µs","bytes_in":2,"bytes_out":353}
{"level":"info","ts":"2026-08-21T11:41:25.822+0700","caller":"observability/tracing_metrics.go:105","msg":"Start: FindAllMerchantPolicies"}
{"level":"debug","ts":"2026-08-21T11:41:25.831+0700","caller":"cache/redis_cache.go:98","msg":"Successfully cached data","cacheKey":"merchant_policy:all:page:1:pageSize:10:search:","expiration":"5m0s"}
{"level":"info","ts":"2026-08-21T11:41:25.831+0700","caller":"observability/tracing_metrics.go:122","msg":"Successfully fetched all merchant policies"}
{"time":"2026-08-21T11:41:25+07:00","id":"pMOytPfOTtvgkiZPjcqEjEhIbNgLiKmz","remote_ip":"::1","host":"localhost:5000","method":"GET","uri":"/api/merchant-policy-query","status":200,"error":"","latency":9031003,"latency_human":"9.031003ms","bytes_in":0,"bytes_out":2532}
{"level":"info","ts":"2026-08-21T11:41:25.832+0700","caller":"observability/tracing_metrics.go:105","msg":"Start: FindByActiveMerchantPolicies"}
{"level":"debug","ts":"2026-08-21T11:41:25.836+0700","caller":"cache/redis_cache.go:98","msg":"Successfully cached data","cacheKey":"merchant_policy:active:page:1:pageSize:10:search:","expiration":"5m0s"}
{"level":"info","ts":"2026-08-21T11:41:25.836+0700","caller":"observability/tracing_metrics.go:122","msg":"Successfully fetched active merchant policies"}
{"time":"2026-08-21T11:41:25+07:00","id":"ZuEhhKSAxgfLzNvYDfNNdJnzBRGoZQso","remote_ip":"::1","host":"localhost:5000","method":"GET","uri":"/api/merchant-policy-query/active","status":200,"error":"","latency":4289977,"latency_human":"4.289977ms","bytes_in":0,"bytes_out":2847}
{"level":"info","ts":"2026-08-21T11:41:25.837+0700","caller":"observability/tracing_metrics.go:105","msg":"Start: FindByTrashedMerchantPolicies"}
{"level":"debug","ts":"2026-08-21T11:41:25.841+0700","caller":"cache/redis_cache.go:98","msg":"Successfully cached data","cacheKey":"merchant_policy:trashed:page:1:pageSize:10:search:","expiration":"5m0s"}
{"level":"info","ts":"2026-08-21T11:41:25.841+0700","caller":"observability/tracing_metrics.go:122","msg":"Successfully fetched trashed merchant policies"}
{"time":"2026-08-21T11:41:25+07:00","id":"kbkndFkVAvhnDLJhXxYxbxwmtKSJQeRi","remote_ip":"::1","host":"localhost:5000","method":"GET","uri":"/api/merchant-policy-query/trashed","status":200,"error":"","latency":4772956,"latency_human":"4.772956ms","bytes_in":0,"bytes_out":555}
{"level":"info","ts":"2026-08-21T11:41:25.842+0700","caller":"observability/tracing_metrics.go:105","msg":"Start: FindByIdMerchantPolicy"}
{"level":"error","ts":"2026-08-21T11:41:25.845+0700","caller":"merchant_policy/query.go:218","msg":"Merchant policy query error in FindById","error":"rpc error: code = NotFound desc = merchant policy not found","trace.id":"a38204c84829729c47c86c96d159b15b"}
{"time":"2026-08-21T11:41:25+07:00","id":"tJopqXZODGjSajfRodehsSOLrodkOEoJ","remote_ip":"::1","host":"localhost:5000","method":"GET","uri":"/api/merchant-policy-query/1","status":404,"error":"","latency":2532546,"latency_human":"2.532546ms","bytes_in":0,"bytes_out":133}
{"time":"2026-08-21T11:41:25+07:00","id":"kslqxdkjgYcSeOJBIyAauKMEnwlUioIq","remote_ip":"::1","host":"localhost:5000","method":"GET","uri":"/api/merchant-query","status":200,"error":"","latency":652447,"latency_human":"652.447µs","bytes_in":0,"bytes_out":3230}
{"time":"2026-08-21T11:41:25+07:00","id":"YZJbKiiBRdJSGAIIyWHJpIjgzqTuHwDX","remote_ip":"::1","host":"localhost:5000","method":"GET","uri":"/api/merchant-query/active","status":200,"error":"","latency":562976,"latency_human":"562.976µs","bytes_in":0,"bytes_out":3397}
{"time":"2026-08-21T11:41:25+07:00","id":"pyPYEkyYintzxsDophGOWzIhjoCClYrm","remote_ip":"::1","host":"localhost:5000","method":"GET","uri":"/api/merchant-query/trashed","status":200,"error":"","latency":333095,"latency_human":"333.095µs","bytes_in":0,"bytes_out":515}
{"time":"2026-08-21T11:41:25+07:00","id":"IAddRsGKRXHGVqLTGMpQRoWrCTOjiKcR","remote_ip":"::1","host":"localhost:5000","method":"GET","uri":"/api/merchant-query/1","status":404,"error":"[NOT_FOUND] merchant not found","latency":1739475,"latency_human":"1.739475ms","bytes_in":0,"bytes_out":126}
{"time":"2026-08-21T11:41:25+07:00","id":"XPsqWtxuEpXZJeEfbgYzOSMiMAECglhj","remote_ip":"::1","host":"localhost:5000","method":"POST","uri":"/api/merchant-social-link/create","status":400,"error":"code=400, message=Key: 'CreateMerchantSocialRequest.MerchantDetailID' Error:Field validation for 'MerchantDetailID' failed on the 'required' tag\nKey: 'CreateMerchantSocialRequest.Platform' Error:Field validation for 'Platform' failed on the 'required' tag\nKey: 'CreateMerchantSocialRequest.Url' Error:Field validation for 'Url' failed on the 'required' tag","latency":206130,"latency_human":"206.13µs","bytes_in":2,"bytes_out":355}
{"time":"2026-08-21T11:41:25+07:00","id":"SZXJhsUjTelwZCPYTVcvCyhzndKFsuYG","remote_ip":"::1","host":"localhost:5000","method":"POST","uri":"/api/merchant-social-link/update/1","status":400,"error":"code=400, message=Key: 'UpdateMerchantSocialRequest.MerchantDetailID' Error:Field validation for 'MerchantDetailID' failed on the 'required' tag\nKey: 'UpdateMerchantSocialRequest.Platform' Error:Field validation for 'Platform' failed on the 'required' tag\nKey: 'UpdateMerchantSocialRequest.Url' Error:Field validation for 'Url' failed on the 'required' tag","latency":182049,"latency_human":"182.049µs","bytes_in":2,"bytes_out":355}
{"time":"2026-08-21T11:41:25+07:00","id":"IXYfrOYfbdMFkNeKUXjrfaBGMVrRJSpE","remote_ip":"::1","host":"localhost:5000","method":"POST","uri":"/api/order-command/create","status":400,"error":"code=400, message=Key: 'CreateOrderRequest.MerchantID' Error:Field validation for 'MerchantID' failed on the 'required' tag\nKey: 'CreateOrderRequest.UserID' Error:Field validation for 'UserID' failed on the 'required' tag\nKey: 'CreateOrderRequest.TotalPrice' Error:Field validation for 'TotalPrice' failed on the 'required' tag\nKey: 'CreateOrderRequest.Items' Error:Field validation for 'Items' failed on the 'required' tag\nKey: 'CreateOrderRequest.ShippingAddress.Alamat' Error:Field validation for 'Alamat' failed on the 'required' tag\nKey: 'CreateOrderRequest.ShippingAddress.Provinsi' Error:Field validation for 'Provinsi' failed on the 'required' tag\nKey: 'CreateOrderRequest.ShippingAddress.Kota' Error:Field validation for 'Kota' failed on the 'required' tag\nKey: 'CreateOrderRequest.ShippingAddress.Courier' Error:Field validation for 'Courier' failed on the 'required' tag\nKey: 'CreateOrderRequest.ShippingAddress.ShippingMethod' Error:Field validation for 'ShippingMethod' failed on the 'required' tag\nKey: 'CreateOrderRequest.ShippingAddress.ShippingCost' Error:Field validation for 'ShippingCost' failed on the 'required' tag\nKey: 'CreateOrderRequest.ShippingAddress.Negara' Error:Field validation for 'Negara' failed on the 'required' tag","latency":243317,"latency_human":"243.317µs","bytes_in":2,"bytes_out":1258}
{"level":"info","ts":"2026-08-21T11:41:25.856+0700","caller":"cache/redis_cache.go:208","msg":"Invalidated cache keys","pattern":"order:*","count":8}
{"time":"2026-08-21T11:41:25+07:00","id":"DmuEWhMTKZLUPkcTNVxIVBbiNaDLAwSJ","remote_ip":"::1","host":"localhost:5000","method":"POST","uri":"/api/order-command/permanent/all","status":200,"error":"","latency":4544653,"latency_human":"4.544653ms","bytes_in":2,"bytes_out":77}
{"time":"2026-08-21T11:41:25+07:00","id":"HRHMrDCzFHBnhUbAyyVpLSxYibUkRWwA","remote_ip":"::1","host":"localhost:5000","method":"DELETE","uri":"/api/order-command/permanent/1","status":404,"error":"[NOT_FOUND] order not found","latency":6799518,"latency_human":"6.799518ms","bytes_in":2,"bytes_out":123}
{"level":"info","ts":"2026-08-21T11:41:25.866+0700","caller":"cache/redis_cache.go:208","msg":"Invalidated cache keys","pattern":"order:*","count":0}
{"time":"2026-08-21T11:41:25+07:00","id":"diRfzUngfPlwQKzqCqBjqeUdaJfkkjvl","remote_ip":"::1","host":"localhost:5000","method":"POST","uri":"/api/order-command/restore/all","status":200,"error":"","latency":1745870,"latency_human":"1.74587ms","bytes_in":2,"bytes_out":66}
{"time":"2026-08-21T11:41:25+07:00","id":"anlEdLrPROICvwmXdfKYyMYdbJyrEOZm","remote_ip":"::1","host":"localhost:5000","method":"POST","uri":"/api/order-command/restore/1","status":404,"error":"[NOT_FOUND] order not found","latency":1895691,"latency_human":"1.895691ms","bytes_in":2,"bytes_out":123}
{"level":"info","ts":"2026-08-21T11:41:25.872+0700","caller":"cache/redis_cache.go:208","msg":"Invalidated cache keys","pattern":"order:*","count":0}
{"time":"2026-08-21T11:41:25+07:00","id":"ydzCuRjrDUiQBdgtLyRyFPhROCBQtVJe","remote_ip":"::1","host":"localhost:5000","method":"POST","uri":"/api/order-command/trashed/1","status":200,"error":"","latency":3126749,"latency_human":"3.126749ms","bytes_in":2,"bytes_out":241}
{"time":"2026-08-21T11:41:25+07:00","id":"KNSxvdjwdXnXWgSWSDTOjokiAFSBHIyi","remote_ip":"::1","host":"localhost:5000","method":"POST","uri":"/api/order-command/update/1","status":400,"error":"code=400, message=Key: 'UpdateOrderRequest.UserID' Error:Field validation for 'UserID' failed on the 'required' tag\nKey: 'UpdateOrderRequest.TotalPrice' Error:Field validation for 'TotalPrice' failed on the 'required' tag\nKey: 'UpdateOrderRequest.Items' Error:Field validation for 'Items' failed on the 'required' tag","latency":357901,"latency_human":"357.901µs","bytes_in":2,"bytes_out":316}
{"level":"debug","ts":"2026-08-21T11:41:25.881+0700","caller":"cache/redis_cache.go:98","msg":"Successfully cached data","cacheKey":"order_item:all:page:1:pageSize:10:search:","expiration":"5m0s"}
{"time":"2026-08-21T11:41:25+07:00","id":"juCaMnbrLIORfzEWIwcENJPIRodUuxJX","remote_ip":"::1","host":"localhost:5000","method":"GET","uri":"/api/order-item","status":200,"error":"","latency":7996085,"latency_human":"7.996085ms","bytes_in":0,"bytes_out":1587}
{"level":"debug","ts":"2026-08-21T11:41:25.885+0700","caller":"cache/redis_cache.go:98","msg":"Successfully cached data","cacheKey":"order_item:active:page:1:pageSize:10:search:","expiration":"5m0s"}
{"time":"2026-08-21T11:41:25+07:00","id":"gWbPuTYDFLbLXvoVVHaokXNKwUzHpjuL","remote_ip":"::1","host":"localhost:5000","method":"GET","uri":"/api/order-item/active","status":200,"error":"","latency":3648428,"latency_human":"3.648428ms","bytes_in":0,"bytes_out":1754}
{"level":"debug","ts":"2026-08-21T11:41:25.888+0700","caller":"cache/redis_cache.go:98","msg":"Successfully cached data","cacheKey":"order_item:order:1","expiration":"5m0s"}
{"time":"2026-08-21T11:41:25+07:00","id":"lZtrWbpZJsgoBCXSKIoWaHHZCgvPGCfk","remote_ip":"::1","host":"localhost:5000","method":"GET","uri":"/api/order-item/order/1","status":200,"error":"","latency":2523790,"latency_human":"2.52379ms","bytes_in":0,"bytes_out":226}
{"time":"2026-08-21T11:41:25+07:00","id":"azGgudaXmuYCJoiDKzAABEgUGQTdNxNU","remote_ip":"::1","host":"localhost:5000","method":"POST","uri":"/api/order-item/permanent/all","status":200,"error":"","latency":3596956,"latency_human":"3.596956ms","bytes_in":2,"bytes_out":82}
{"time":"2026-08-21T11:41:25+07:00","id":"oyIiiPAQbVskotHHFkOOOLFoIhOMUbQN","remote_ip":"::1","host":"localhost:5000","method":"DELETE","uri":"/api/order-item/permanent/1","status":200,"error":"","latency":2394286,"latency_human":"2.394286ms","bytes_in":2,"bytes_out":77}
{"time":"2026-08-21T11:41:25+07:00","id":"MDadOmxEIWTDtHSwxvPFjsmATMtxMXzc","remote_ip":"::1","host":"localhost:5000","method":"POST","uri":"/api/order-item/restore/all","status":200,"error":"","latency":1778313,"latency_human":"1.778313ms","bytes_in":2,"bytes_out":71}
{"level":"error","ts":"2026-08-21T11:41:25.900+0700","caller":"order_item/command.go:177","msg":"Failed to Restore"}
{"time":"2026-08-21T11:41:25+07:00","id":"axOBghamyUixGwPTksnlqLdbpuZszRoU","remote_ip":"::1","host":"localhost:5000","method":"POST","uri":"/api/order-item/restore/1","status":404,"error":"[NOT_FOUND] order item not found","latency":1953514,"latency_human":"1.953514ms","bytes_in":2,"bytes_out":128}
{"level":"error","ts":"2026-08-21T11:41:25.903+0700","caller":"order_item/command.go:177","msg":"Failed to Trash"}
{"time":"2026-08-21T11:41:25+07:00","id":"ufXZyIkEjaJxkxiRlxkNLEChhMiDohZT","remote_ip":"::1","host":"localhost:5000","method":"POST","uri":"/api/order-item/trash/1","status":404,"error":"[NOT_FOUND] order item not found","latency":2107651,"latency_human":"2.107651ms","bytes_in":2,"bytes_out":128}
{"level":"debug","ts":"2026-08-21T11:41:25.907+0700","caller":"cache/redis_cache.go:98","msg":"Successfully cached data","cacheKey":"order_item:trashed:page:1:pageSize:10:search:","expiration":"5m0s"}
{"time":"2026-08-21T11:41:25+07:00","id":"JuwbtusBhAQvIFGvBCNrZUrPXuWWlgLg","remote_ip":"::1","host":"localhost:5000","method":"GET","uri":"/api/order-item/trashed","status":200,"error":"","latency":3327225,"latency_human":"3.327225ms","bytes_in":0,"bytes_out":167}
{"level":"debug","ts":"2026-08-21T11:41:25.911+0700","caller":"cache/redis_cache.go:98","msg":"Successfully cached data","cacheKey":"order:all:page:1:pageSize:10:search:","expiration":"5m0s"}
{"time":"2026-08-21T11:41:25+07:00","id":"NRMBhPTeRxpzMsoQWflGFicjOPgHRwIV","remote_ip":"::1","host":"localhost:5000","method":"GET","uri":"/api/order-query","status":200,"error":"","latency":3916952,"latency_human":"3.916952ms","bytes_in":0,"bytes_out":1514}
{"level":"debug","ts":"2026-08-21T11:41:25.916+0700","caller":"cache/redis_cache.go:98","msg":"Successfully cached data","cacheKey":"order:active:page:1:pageSize:10:search:","expiration":"5m0s"}
{"time":"2026-08-21T11:41:25+07:00","id":"qTxxHfUtJQwQjrMYUCIVUMJuhYPXTaDc","remote_ip":"::1","host":"localhost:5000","method":"GET","uri":"/api/order-query/active","status":200,"error":"","latency":4183270,"latency_human":"4.18327ms","bytes_in":0,"bytes_out":1681}
{"level":"debug","ts":"2026-08-21T11:41:25.920+0700","caller":"cache/redis_cache.go:98","msg":"Successfully cached data","cacheKey":"order:trashed:page:1:pageSize:10:search:","expiration":"5m0s"}
{"time":"2026-08-21T11:41:25+07:00","id":"zZHHfgSSjEiIJXZRBBgbWLWWhnrwiLzD","remote_ip":"::1","host":"localhost:5000","method":"GET","uri":"/api/order-query/trashed","status":200,"error":"","latency":3750799,"latency_human":"3.750799ms","bytes_in":0,"bytes_out":332}
{"time":"2026-08-21T11:41:25+07:00","id":"UgFnKuiDlKPOOkFzJvRLLvOmlqjxnyZC","remote_ip":"::1","host":"localhost:5000","method":"GET","uri":"/api/order-query/1","status":404,"error":"[NOT_FOUND] order not found","latency":1984545,"latency_human":"1.984545ms","bytes_in":0,"bytes_out":123}
{"time":"2026-08-21T11:41:25+07:00","id":"XsSVVNFdTUnDXKkELtOyzwOGiwGEXAOU","remote_ip":"::1","host":"localhost:5000","method":"GET","uri":"/api/order/merchant/monthly-revenue","status":400,"error":"[] Invalid year","latency":1206985,"latency_human":"1.206985ms","bytes_in":0,"bytes_out":101}
{"time":"2026-08-21T11:41:25+07:00","id":"JyixZMYOWjiJNvtEkyhuVsQnUaNpNHTC","remote_ip":"::1","host":"localhost:5000","method":"GET","uri":"/api/order/merchant/monthly-total-revenue","status":400,"error":"[] Invalid year","latency":1648127,"latency_human":"1.648127ms","bytes_in":0,"bytes_out":101}
{"time":"2026-08-21T11:41:25+07:00","id":"rNtZQAMhFibMOsrYXXBFaaaLUHmoJIDH","remote_ip":"::1","host":"localhost:5000","method":"GET","uri":"/api/order/merchant/yearly-revenue","status":400,"error":"[] Invalid year","latency":937303,"latency_human":"937.303µs","bytes_in":0,"bytes_out":101}
{"time":"2026-08-21T11:41:25+07:00","id":"SUWcyHIbopmdbjOgaDBJXedzlchHQBUa","remote_ip":"::1","host":"localhost:5000","method":"GET","uri":"/api/order/merchant/yearly-total-revenue","status":400,"error":"[] Invalid year","latency":919138,"latency_human":"919.138µs","bytes_in":0,"bytes_out":101}
{"time":"2026-08-21T11:41:25+07:00","id":"rkmBFrQdMPLUutiBIgXFZRxBYaqOSIGv","remote_ip":"::1","host":"localhost:5000","method":"GET","uri":"/api/order/monthly-revenue","status":400,"error":"[] Invalid ID","latency":849331,"latency_human":"849.331µs","bytes_in":0,"bytes_out":99}
{"time":"2026-08-21T11:41:25+07:00","id":"AoXJYUBuxnEJIoDFlcZlmyZfjqCXQDiV","remote_ip":"::1","host":"localhost:5000","method":"GET","uri":"/api/order/monthly-total-revenue","status":400,"error":"[] Invalid year","latency":901217,"latency_human":"901.217µs","bytes_in":0,"bytes_out":101}
{"time":"2026-08-21T11:41:25+07:00","id":"obLHAiXLWFBYvRRtuTHSGtsCVNHDURfz","remote_ip":"::1","host":"localhost:5000","method":"GET","uri":"/api/order/yearly-revenue","status":400,"error":"[] Invalid ID","latency":789527,"latency_human":"789.527µs","bytes_in":0,"bytes_out":99}
{"time":"2026-08-21T11:41:25+07:00","id":"TaCoPqGgtQNuZNoQHJzBGqFyhXLbEVYD","remote_ip":"::1","host":"localhost:5000","method":"GET","uri":"/api/order/yearly-total-revenue","status":400,"error":"[] Invalid year","latency":958533,"latency_human":"958.533µs","bytes_in":0,"bytes_out":101}
{"time":"2026-08-21T11:41:25+07:00","id":"kiCLhzBtCGshksUCIFyYzXSrojfWRYeS","remote_ip":"::1","host":"localhost:5000","method":"POST","uri":"/api/product-command/create","status":400,"error":"[] validation failed: invalid create product request","latency":2842610,"latency_human":"2.84261ms","bytes_in":2,"bytes_out":138}
{"level":"info","ts":"2026-08-21T11:41:25.941+0700","caller":"cache/redis_cache.go:208","msg":"Invalidated cache keys","pattern":"product:*","count":0}
{"time":"2026-08-21T11:41:25+07:00","id":"KHbQYKIpmwOmrSwVhxQaduLUoCnZUUHX","remote_ip":"::1","host":"localhost:5000","method":"POST","uri":"/api/product-command/permanent/all","status":200,"error":"","latency":2572207,"latency_human":"2.572207ms","bytes_in":2,"bytes_out":79}
{"level":"info","ts":"2026-08-21T11:41:25.945+0700","caller":"cache/redis_cache.go:208","msg":"Invalidated cache keys","pattern":"product:*","count":0}
{"time":"2026-08-21T11:41:25+07:00","id":"jZQtJtzJjZlfYhEiRAahZfzXHXtaLJDW","remote_ip":"::1","host":"localhost:5000","method":"DELETE","uri":"/api/product-command/permanent/1","status":200,"error":"","latency":3833180,"latency_human":"3.83318ms","bytes_in":2,"bytes_out":74}
{"level":"info","ts":"2026-08-21T11:41:25.948+0700","caller":"cache/redis_cache.go:208","msg":"Invalidated cache keys","pattern":"product:*","count":0}
{"time":"2026-08-21T11:41:25+07:00","id":"VpQUvOKxhVEPwTVxEKYDxSSqfaMOLsWj","remote_ip":"::1","host":"localhost:5000","method":"POST","uri":"/api/product-command/restore/all","status":200,"error":"","latency":1492342,"latency_human":"1.492342ms","bytes_in":2,"bytes_out":68}
{"time":"2026-08-21T11:41:25+07:00","id":"JOaqNKtsWhBVMUeUOCyXQhZmAYLZwmJp","remote_ip":"::1","host":"localhost:5000","method":"POST","uri":"/api/product-command/restore/1","status":404,"error":"[NOT_FOUND] product not found","latency":1328434,"latency_human":"1.328434ms","bytes_in":2,"bytes_out":125}
{"level":"info","ts":"2026-08-21T11:41:25.952+0700","caller":"cache/redis_cache.go:208","msg":"Invalidated cache keys","pattern":"product:*","count":0}
{"time":"2026-08-21T11:41:25+07:00","id":"uCmphldjJgdUdSIpEUxLqXuiVZOKgQgw","remote_ip":"::1","host":"localhost:5000","method":"POST","uri":"/api/product-command/trashed/1","status":200,"error":"","latency":2834525,"latency_human":"2.834525ms","bytes_in":2,"bytes_out":451}
{"time":"2026-08-21T11:41:25+07:00","id":"cpxFxEFxFhZicqhJylWdvEKaZnHsstAt","remote_ip":"::1","host":"localhost:5000","method":"POST","uri":"/api/product-command/update/1","status":400,"error":"[] validation failed: invalid update product request","latency":1172575,"latency_human":"1.172575ms","bytes_in":2,"bytes_out":138}
{"level":"debug","ts":"2026-08-21T11:41:25.959+0700","caller":"cache/redis_cache.go:98","msg":"Successfully cached data","cacheKey":"product:all:page:1:pageSize:10:search:","expiration":"5m0s"}
{"time":"2026-08-21T11:41:25+07:00","id":"bwsGZcoKmhzRIOMVazTIUDIBWlCTMPOf","remote_ip":"::1","host":"localhost:5000","method":"GET","uri":"/api/product-query","status":200,"error":"","latency":4401205,"latency_human":"4.401205ms","bytes_in":0,"bytes_out":3847}
{"level":"debug","ts":"2026-08-21T11:41:25.963+0700","caller":"cache/redis_cache.go:98","msg":"Successfully cached data","cacheKey":"product:active:page:1:pageSize:10:search:","expiration":"5m0s"}
{"time":"2026-08-21T11:41:25+07:00","id":"LCXKlknoMNpTsPXLRJhirGAKqCFFfbYE","remote_ip":"::1","host":"localhost:5000","method":"GET","uri":"/api/product-query/active","status":200,"error":"","latency":3347820,"latency_human":"3.34782ms","bytes_in":0,"bytes_out":4014}
{"level":"debug","ts":"2026-08-21T11:41:25.968+0700","caller":"cache/redis_cache.go:98","msg":"Successfully cached data","cacheKey":"product:category:1:page:1:pageSize:10:search:","expiration":"5m0s"}
{"time":"2026-08-21T11:41:25+07:00","id":"fTpdgfQmyxBeRMYuTzDOpUbLsiLiQsJl","remote_ip":"::1","host":"localhost:5000","method":"GET","uri":"/api/product-query/category/1","status":200,"error":"","latency":4348586,"latency_human":"4.348586ms","bytes_in":0,"bytes_out":165}
{"level":"debug","ts":"2026-08-21T11:41:25.972+0700","caller":"cache/redis_cache.go:98","msg":"Successfully cached data","cacheKey":"product:merchant:1:page:1:pageSize:10:search:","expiration":"5m0s"}
{"time":"2026-08-21T11:41:25+07:00","id":"xbnlKoBzNjEfoHhwxAgXhFJlJldTDLHB","remote_ip":"::1","host":"localhost:5000","method":"GET","uri":"/api/product-query/merchant/1","status":200,"error":"","latency":3214934,"latency_human":"3.214934ms","bytes_in":0,"bytes_out":165}
{"level":"debug","ts":"2026-08-21T11:41:25.975+0700","caller":"cache/redis_cache.go:98","msg":"Successfully cached data","cacheKey":"product:trashed:page:1:pageSize:10:search:","expiration":"5m0s"}
{"time":"2026-08-21T11:41:25+07:00","id":"JluhXjWPUUNzIrRAthugwyjXnigFkyFv","remote_ip":"::1","host":"localhost:5000","method":"GET","uri":"/api/product-query/trashed","status":200,"error":"","latency":2926546,"latency_human":"2.926546ms","bytes_in":0,"bytes_out":566}
{"time":"2026-08-21T11:41:25+07:00","id":"TumdjsOQZrChkRdzCHdTBylbfXdVwhkf","remote_ip":"::1","host":"localhost:5000","method":"GET","uri":"/api/product-query/1","status":404,"error":"[NOT_FOUND] product not found","latency":1912436,"latency_human":"1.912436ms","bytes_in":0,"bytes_out":125}
{"level":"info","ts":"2026-08-21T11:41:25.978+0700","caller":"observability/tracing_metrics.go:105","msg":"Start: CreateReview"}
{"level":"error","ts":"2026-08-21T11:41:25.983+0700","caller":"review/command.go:322","msg":"Review command error in Create","error":"rpc error: code = NotFound desc = product not found","trace.id":"422c2b54b7a79655c178cdf035660dd8"}
{"time":"2026-08-21T11:41:25+07:00","id":"jsXyAlwZXtLSzbwrEAmwlKmkWiZUlPfP","remote_ip":"::1","host":"localhost:5000","method":"POST","uri":"/api/review-command/create","status":404,"error":"","latency":5311241,"latency_human":"5.311241ms","bytes_in":2,"bytes_out":125}
{"level":"info","ts":"2026-08-21T11:41:25.984+0700","caller":"observability/tracing_metrics.go:105","msg":"Start: DeleteAllReviewPermanent"}
{"level":"info","ts":"2026-08-21T11:41:25.986+0700","caller":"observability/tracing_metrics.go:122","msg":"Successfully deleted all reviews permanently"}
{"time":"2026-08-21T11:41:25+07:00","id":"YITliqZYdHcuTbQjNeDiBIzrBPrCyopu","remote_ip":"::1","host":"localhost:5000","method":"POST","uri":"/api/review-command/permanent/all","status":200,"error":"","latency":1924603,"latency_human":"1.924603ms","bytes_in":2,"bytes_out":78}
{"level":"info","ts":"2026-08-21T11:41:25.986+0700","caller":"observability/tracing_metrics.go:105","msg":"Start: DeleteReviewPermanent"}
{"level":"info","ts":"2026-08-21T11:41:25.989+0700","caller":"observability/tracing_metrics.go:122","msg":"Successfully deleted review permanently"}
{"time":"2026-08-21T11:41:25+07:00","id":"VeerTpsHQbpyUoeFdlFMFmOrvqpazPCW","remote_ip":"::1","host":"localhost:5000","method":"DELETE","uri":"/api/review-command/permanent/1","status":200,"error":"","latency":2798640,"latency_human":"2.79864ms","bytes_in":2,"bytes_out":73}
{"level":"info","ts":"2026-08-21T11:41:25.990+0700","caller":"observability/tracing_metrics.go:105","msg":"Start: RestoreAllReview"}
{"level":"info","ts":"2026-08-21T11:41:25.991+0700","caller":"observability/tracing_metrics.go:122","msg":"Successfully restored all reviews"}
{"time":"2026-08-21T11:41:25+07:00","id":"tKJYiRBINLGsYCqmErsrCZcoiVMIygaq","remote_ip":"::1","host":"localhost:5000","method":"POST","uri":"/api/review-command/restore/all","status":200,"error":"","latency":1197761,"latency_human":"1.197761ms","bytes_in":2,"bytes_out":67}
{"level":"info","ts":"2026-08-21T11:41:25.991+0700","caller":"observability/tracing_metrics.go:105","msg":"Start: RestoreReview"}
{"level":"error","ts":"2026-08-21T11:41:25.993+0700","caller":"review/command.go:322","msg":"Review command error in Restore","error":"rpc error: code = NotFound desc = review not found","trace.id":"0c88ccf0c2ec976b95cfc0f050f67ed2"}
{"time":"2026-08-21T11:41:25+07:00","id":"FAyqyoKSowzhEmpSWtcFdOhoWHqDOkFH","remote_ip":"::1","host":"localhost:5000","method":"POST","uri":"/api/review-command/restore/1","status":404,"error":"","latency":1797628,"latency_human":"1.797628ms","bytes_in":2,"bytes_out":124}
{"level":"info","ts":"2026-08-21T11:41:25.994+0700","caller":"observability/tracing_metrics.go:105","msg":"Start: TrashedReview"}
{"level":"info","ts":"2026-08-21T11:41:25.997+0700","caller":"observability/tracing_metrics.go:122","msg":"Successfully moved review to trash"}
{"time":"2026-08-21T11:41:25+07:00","id":"ueTSRkWIcEeLKuAeDCMOTjruTqOlDAeG","remote_ip":"::1","host":"localhost:5000","method":"POST","uri":"/api/review-command/trashed/1","status":200,"error":"","latency":3470761,"latency_human":"3.470761ms","bytes_in":2,"bytes_out":229}
{"time":"2026-08-21T11:41:25+07:00","id":"MmHnwNlibojojEoaVGVRSfOwyunPHYzq","remote_ip":"::1","host":"localhost:5000","method":"POST","uri":"/api/review-command/update/1","status":400,"error":"code=400, message=Key: 'UpdateReviewRequest.Rating' Error:Field validation for 'Rating' failed on the 'required' tag\nKey: 'UpdateReviewRequest.Comment' Error:Field validation for 'Comment' failed on the 'required' tag","latency":201988,"latency_human":"201.988µs","bytes_in":2,"bytes_out":215}
{"time":"2026-08-21T11:41:25+07:00","id":"WkkSGaBEdtutVNQIuZpzJzmFfQcJIjmH","remote_ip":"::1","host":"localhost:5000","method":"POST","uri":"/api/review-detail-command/create","status":400,"error":"code=400, message=Type is required","latency":87068,"latency_human":"87.068µs","bytes_in":2,"bytes_out":31}
{"level":"info","ts":"2026-08-21T11:41:25.999+0700","caller":"observability/tracing_metrics.go:105","msg":"Start: DeleteAllReviewDetailPermanent"}
{"level":"info","ts":"2026-08-21T11:41:26.005+0700","caller":"observability/tracing_metrics.go:122","msg":"Successfully deleted all review details permanently"}
{"time":"2026-08-21T11:41:26+07:00","id":"XzGEmpUSVFvwUbnKtCfaUDtEqDdpNVpj","remote_ip":"::1","host":"localhost:5000","method":"POST","uri":"/api/review-detail-command/permanent/all","status":200,"error":"","latency":6006942,"latency_human":"6.006942ms","bytes_in":2,"bytes_out":85}
{"level":"info","ts":"2026-08-21T11:41:26.005+0700","caller":"observability/tracing_metrics.go:105","msg":"Start: DeleteReviewDetailPermanent"}
{"level":"error","ts":"2026-08-21T11:41:26.008+0700","caller":"review_detail/command.go:360","msg":"Review detail command error in Delete","error":"rpc error: code = NotFound desc = review detail not found","trace.id":"74acd8759c025d09f79b4ba312476265"}
{"time":"2026-08-21T11:41:26+07:00","id":"wEUQzLvllawJzjZgSgYxjLKhSsgyfXnF","remote_ip":"::1","host":"localhost:5000","method":"DELETE","uri":"/api/review-detail-command/permanent/1","status":404,"error":"","latency":2794290,"latency_human":"2.79429ms","bytes_in":2,"bytes_out":131}
{"level":"info","ts":"2026-08-21T11:41:26.009+0700","caller":"observability/tracing_metrics.go:105","msg":"Start: RestoreAllReviewDetail"}
{"level":"info","ts":"2026-08-21T11:41:26.010+0700","caller":"observability/tracing_metrics.go:122","msg":"Successfully restored all review details"}
{"time":"2026-08-21T11:41:26+07:00","id":"QWvfPezxiPAaDuQnwyqNdZWjBvtbqqJN","remote_ip":"::1","host":"localhost:5000","method":"POST","uri":"/api/review-detail-command/restore/all","status":200,"error":"","latency":1558651,"latency_human":"1.558651ms","bytes_in":2,"bytes_out":74}
{"level":"info","ts":"2026-08-21T11:41:26.011+0700","caller":"observability/tracing_metrics.go:105","msg":"Start: RestoreReviewDetail"}
{"level":"error","ts":"2026-08-21T11:41:26.013+0700","caller":"review_detail/command.go:360","msg":"Review detail command error in Restore","error":"rpc error: code = NotFound desc = review detail not found","trace.id":"37ec01a3ce658322d843143b1434a4f9"}
{"time":"2026-08-21T11:41:26+07:00","id":"kDmwZxRgJpxSfrmJhzcMsLCWSgxewJkD","remote_ip":"::1","host":"localhost:5000","method":"POST","uri":"/api/review-detail-command/restore/1","status":404,"error":"","latency":1855961,"latency_human":"1.855961ms","bytes_in":2,"bytes_out":131}
{"level":"info","ts":"2026-08-21T11:41:26.013+0700","caller":"observability/tracing_metrics.go:105","msg":"Start: TrashedReviewDetail"}
{"level":"info","ts":"2026-08-21T11:41:26.017+0700","caller":"observability/tracing_metrics.go:122","msg":"Successfully moved review detail to trash"}
{"time":"2026-08-21T11:41:26+07:00","id":"VNTNokImbYczvrUvXmCkUwSVINDxxwAb","remote_ip":"::1","host":"localhost:5000","method":"POST","uri":"/api/review-detail-command/trashed/1","status":200,"error":"","latency":3956764,"latency_human":"3.956764ms","bytes_in":2,"bytes_out":269}
{"time":"2026-08-21T11:41:26+07:00","id":"oCOOwEqvsRQtwSkBTPdSxMoQsHtZCURX","remote_ip":"::1","host":"localhost:5000","method":"POST","uri":"/api/review-detail-command/update/1","status":400,"error":"code=400, message=Type is required","latency":106887,"latency_human":"106.887µs","bytes_in":2,"bytes_out":31}
{"level":"info","ts":"2026-08-21T11:41:26.018+0700","caller":"observability/tracing_metrics.go:105","msg":"Start: FindAllReviewDetails"}
{"level":"debug","ts":"2026-08-21T11:41:26.023+0700","caller":"cache/redis_cache.go:98","msg":"Successfully cached data","cacheKey":"review_detail:all:page:1:pageSize:10:search:","expiration":"5m0s"}
{"level":"info","ts":"2026-08-21T11:41:26.023+0700","caller":"observability/tracing_metrics.go:122","msg":"Successfully retrieved review details"}
{"time":"2026-08-21T11:41:26+07:00","id":"eAkutebjdNFdvGUqEpFyPuBzZAszbpop","remote_ip":"::1","host":"localhost:5000","method":"GET","uri":"/api/review-detail-query","status":200,"error":"","latency":5326193,"latency_human":"5.326193ms","bytes_in":0,"bytes_out":1503}
{"level":"info","ts":"2026-08-21T11:41:26.024+0700","caller":"observability/tracing_metrics.go:105","msg":"Start: FindByActiveReviewDetails"}
{"level":"debug","ts":"2026-08-21T11:41:26.028+0700","caller":"cache/redis_cache.go:98","msg":"Successfully cached data","cacheKey":"review_detail:active:page:1:pageSize:10:search:","expiration":"5m0s"}
{"level":"info","ts":"2026-08-21T11:41:26.029+0700","caller":"observability/tracing_metrics.go:122","msg":"Successfully retrieved active review details"}
{"time":"2026-08-21T11:41:26+07:00","id":"YHkQFarbNzEmXFghnevYfxqbdjCIFpjs","remote_ip":"::1","host":"localhost:5000","method":"GET","uri":"/api/review-detail-query/active","status":200,"error":"","latency":4707454,"latency_human":"4.707454ms","bytes_in":0,"bytes_out":1454}
{"level":"info","ts":"2026-08-21T11:41:26.030+0700","caller":"observability/tracing_metrics.go:105","msg":"Start: FindByTrashedReviewDetails"}
{"level":"debug","ts":"2026-08-21T11:41:26.032+0700","caller":"cache/redis_cache.go:98","msg":"Successfully cached data","cacheKey":"review_detail:trashed:page:1:pageSize:10:search:","expiration":"5m0s"}
{"level":"info","ts":"2026-08-21T11:41:26.033+0700","caller":"observability/tracing_metrics.go:122","msg":"Successfully retrieved trashed review details"}
{"time":"2026-08-21T11:41:26+07:00","id":"IgEkFlPyTeNTaDJBiVxvtQZvbgBgrUeO","remote_ip":"::1","host":"localhost:5000","method":"GET","uri":"/api/review-detail-query/trashed","status":200,"error":"","latency":3451691,"latency_human":"3.451691ms","bytes_in":0,"bytes_out":361}
{"level":"info","ts":"2026-08-21T11:41:26.033+0700","caller":"observability/tracing_metrics.go:105","msg":"Start: FindByIdReviewDetail"}
{"level":"error","ts":"2026-08-21T11:41:26.035+0700","caller":"review_detail/query.go:270","msg":"Review detail query error in FindById","error":"rpc error: code = NotFound desc = review detail not found","trace.id":"ed0f6ee9cd262e9726c9712f1537b9d0"}
{"time":"2026-08-21T11:41:26+07:00","id":"fGRpCZWsqjVliKpriGGhxYwizxSVCiyW","remote_ip":"::1","host":"localhost:5000","method":"GET","uri":"/api/review-detail-query/1","status":404,"error":"","latency":2559955,"latency_human":"2.559955ms","bytes_in":0,"bytes_out":131}
{"time":"2026-08-21T11:41:26+07:00","id":"QEkbvgnBRmjRbuFRrLhoQvXHNzkXgQoa","remote_ip":"::1","host":"localhost:5000","method":"GET","uri":"/api/review-query","status":200,"error":"","latency":551812,"latency_human":"551.812µs","bytes_in":0,"bytes_out":1457}
{"level":"info","ts":"2026-08-21T11:41:26.038+0700","caller":"observability/tracing_metrics.go:105","msg":"Start: FindByActiveReviews"}
{"level":"debug","ts":"2026-08-21T11:41:26.045+0700","caller":"cache/redis_cache.go:98","msg":"Successfully cached data","cacheKey":"review:active:page:1:pageSize:10:search:","expiration":"5m0s"}
{"level":"info","ts":"2026-08-21T11:41:26.045+0700","caller":"observability/tracing_metrics.go:122","msg":"Successfully retrieved active reviews"}
{"time":"2026-08-21T11:41:26+07:00","id":"gCHzinydSVjFoqCUxIUQhEJyGQbfvprt","remote_ip":"::1","host":"localhost:5000","method":"GET","uri":"/api/review-query/active","status":200,"error":"","latency":7803516,"latency_human":"7.803516ms","bytes_in":0,"bytes_out":1612}
{"level":"info","ts":"2026-08-21T11:41:26.046+0700","caller":"observability/tracing_metrics.go:105","msg":"Start: FindByMerchantReviews"}
{"level":"debug","ts":"2026-08-21T11:41:26.049+0700","caller":"cache/redis_cache.go:98","msg":"Successfully cached data","cacheKey":"review:merchant:1:page:1:pageSize:10:search:","expiration":"5m0s"}
{"level":"info","ts":"2026-08-21T11:41:26.049+0700","caller":"observability/tracing_metrics.go:122","msg":"Successfully retrieved reviews for merchant"}
{"time":"2026-08-21T11:41:26+07:00","id":"XyPLaUWJzHVRTYHNNTOdnaIhYoABRfcU","remote_ip":"::1","host":"localhost:5000","method":"GET","uri":"/api/review-query/merchant/1","status":200,"error":"","latency":3654026,"latency_human":"3.654026ms","bytes_in":0,"bytes_out":163}
{"level":"info","ts":"2026-08-21T11:41:26.050+0700","caller":"observability/tracing_metrics.go:105","msg":"Start: FindByProductReviews"}
{"level":"info","ts":"2026-08-21T11:41:26.053+0700","caller":"observability/tracing_metrics.go:122","msg":"Successfully retrieved reviews for product"}
{"time":"2026-08-21T11:41:26+07:00","id":"upQWNjireRxKlEkfCPJqMHodeIsqnMSk","remote_ip":"::1","host":"localhost:5000","method":"GET","uri":"/api/review-query/product/1","status":200,"error":"","latency":2934105,"latency_human":"2.934105ms","bytes_in":0,"bytes_out":162}
{"time":"2026-08-21T11:41:26+07:00","id":"NoVjLljbOOZQhWKJxfpvuobDufmmWUJz","remote_ip":"::1","host":"localhost:5000","method":"GET","uri":"/api/review-query/trashed","status":200,"error":"","latency":386143,"latency_human":"386.143µs","bytes_in":0,"bytes_out":327}
{"level":"debug","ts":"2026-08-21T11:41:26.059+0700","caller":"cache/redis_cache.go:98","msg":"Successfully cached data","cacheKey":"user_roles:43","expiration":"5m0s"}
{"time":"2026-08-21T11:41:26+07:00","id":"yExMOQXllktQkdwnNOfPbVKJayPzTkTl","remote_ip":"::1","host":"localhost:5000","method":"POST","uri":"/api/role-command/create","status":400,"error":"[] validation failed: invalid create Role request","latency":6423317,"latency_human":"6.423317ms","bytes_in":2,"bytes_out":135}
{"time":"2026-08-21T11:41:26+07:00","id":"GClwNdKXMpRVRmwptaLNbgJcbpjWYivr","remote_ip":"::1","host":"localhost:5000","method":"DELETE","uri":"/api/role-command/permanent/all","status":400,"error":"[BAD_REQUEST] id is required","latency":437870,"latency_human":"437.87µs","bytes_in":2,"bytes_out":124}
{"time":"2026-08-21T11:41:26+07:00","id":"vkKCtYokbRyzwwqsDyfANryzfuWEIjkF","remote_ip":"::1","host":"localhost:5000","method":"DELETE","uri":"/api/role-command/permanent/1","status":200,"error":"","latency":2490394,"latency_human":"2.490394ms","bytes_in":2,"bytes_out":71}
{"time":"2026-08-21T11:41:26+07:00","id":"CkYxkpzZLRjOojoHMdeJrUXhqxQStUCF","remote_ip":"::1","host":"localhost:5000","method":"POST","uri":"/api/role-command/restore/all","status":200,"error":"","latency":1730723,"latency_human":"1.730723ms","bytes_in":2,"bytes_out":65}
{"time":"2026-08-21T11:41:26+07:00","id":"uvAnUhaEvTNebLFLlQGrcFanQSMyzdZS","remote_ip":"::1","host":"localhost:5000","method":"PUT","uri":"/api/role-command/restore/1","status":405,"error":"code=405, message=Method Not Allowed","latency":78152,"latency_human":"78.152µs","bytes_in":2,"bytes_out":33}
{"time":"2026-08-21T11:41:26+07:00","id":"KGHsAQGhSWdWmmJqMuLmzOgcojwnQNLL","remote_ip":"::1","host":"localhost:5000","method":"POST","uri":"/api/role-command/trashed/1","status":200,"error":"","latency":3155221,"latency_human":"3.155221ms","bytes_in":2,"bytes_out":173}
{"time":"2026-08-21T11:41:26+07:00","id":"aMCBgDegWQtAReDbfochMzUoPCVlUbqL","remote_ip":"::1","host":"localhost:5000","method":"POST","uri":"/api/role-command/update/1","status":400,"error":"[] validation failed: invalid update Role request","latency":1259533,"latency_human":"1.259533ms","bytes_in":2,"bytes_out":135}
{"time":"2026-08-21T11:41:26+07:00","id":"ntBqYjhkCRUmgNTyShGIobdnVhPbMEQJ","remote_ip":"::1","host":"localhost:5000","method":"GET","uri":"/api/role-query","status":200,"error":"","latency":978517,"latency_human":"978.517µs","bytes_in":0,"bytes_out":785}
{"time":"2026-08-21T11:41:26+07:00","id":"OPuAihSOjoczrlIkAzeNChZGZsMSvevS","remote_ip":"::1","host":"localhost:5000","method":"GET","uri":"/api/role-query/active","status":200,"error":"","latency":1255684,"latency_human":"1.255684ms","bytes_in":0,"bytes_out":881}
{"time":"2026-08-21T11:41:26+07:00","id":"FCqyxBBgHHiynATTRYjgDvjzsWwEWanx","remote_ip":"::1","host":"localhost:5000","method":"GET","uri":"/api/role-query/trashed","status":200,"error":"","latency":568193,"latency_human":"568.193µs","bytes_in":0,"bytes_out":161}
{"level":"debug","ts":"2026-08-21T11:41:26.080+0700","caller":"cache/redis_cache.go:98","msg":"Successfully cached data","cacheKey":"role:user_id:1","expiration":"5m0s"}
{"time":"2026-08-21T11:41:26+07:00","id":"wLcBcANyTFBBDMBQBhPWJXdLqMFhfAeu","remote_ip":"::1","host":"localhost:5000","method":"GET","uri":"/api/role-query/user/1","status":200,"error":"","latency":2335307,"latency_human":"2.335307ms","bytes_in":0,"bytes_out":82}
{"level":"debug","ts":"2026-08-21T11:41:26.083+0700","caller":"cache/redis_cache.go:98","msg":"Successfully cached data","cacheKey":"role:id:1","expiration":"5m0s"}
{"time":"2026-08-21T11:41:26+07:00","id":"egobvzVZczEuKObxEErSdKmfJEbghEos","remote_ip":"::1","host":"localhost:5000","method":"GET","uri":"/api/role-query/1","status":200,"error":"","latency":2551592,"latency_human":"2.551592ms","bytes_in":0,"bytes_out":173}
{"time":"2026-08-21T11:41:26+07:00","id":"FssPYEmkgqujKIwYDAkKoduvgSiHeOCH","remote_ip":"::1","host":"localhost:5000","method":"POST","uri":"/api/shipping-address-command/permanent/all","status":200,"error":"","latency":5683506,"latency_human":"5.683506ms","bytes_in":2,"bytes_out":89}
{"time":"2026-08-21T11:41:26+07:00","id":"GJxLaWVXbOrfAezLKkaFOAQOILgBnlnH","remote_ip":"::1","host":"localhost:5000","method":"DELETE","uri":"/api/shipping-address-command/permanent/1","status":200,"error":"","latency":2764221,"latency_human":"2.764221ms","bytes_in":2,"bytes_out":83}
{"time":"2026-08-21T11:41:26+07:00","id":"ILRxlSXLMdjWnEVREwkIqfGXNpgKhttF","remote_ip":"::1","host":"localhost:5000","method":"POST","uri":"/api/shipping-address-command/restore/all","status":200,"error":"","latency":1426679,"latency_human":"1.426679ms","bytes_in":2,"bytes_out":78}
{"level":"error","ts":"2026-08-21T11:41:26.097+0700","caller":"shipping_address/command.go:171","msg":"Failed to Restore","error":"rpc error: code = NotFound desc = shipping address not found"}
{"time":"2026-08-21T11:41:26+07:00","id":"nCsOJLROvUcBFkTJGjYvPyzRbsoNzqkG","remote_ip":"::1","host":"localhost:5000","method":"POST","uri":"/api/shipping-address-command/restore/1","status":404,"error":"[NOT_FOUND] shipping address not found","latency":1475089,"latency_human":"1.475089ms","bytes_in":2,"bytes_out":134}
{"level":"error","ts":"2026-08-21T11:41:26.098+0700","caller":"shipping_address/command.go:171","msg":"Failed to Trash","error":"rpc error: code = NotFound desc = shipping address not found"}
{"time":"2026-08-21T11:41:26+07:00","id":"EbxlWjUlHPYfHDhZQiOZmbOEoBDOdwOW","remote_ip":"::1","host":"localhost:5000","method":"POST","uri":"/api/shipping-address-command/trashed/1","status":404,"error":"[NOT_FOUND] shipping address not found","latency":1394668,"latency_human":"1.394668ms","bytes_in":2,"bytes_out":134}
{"time":"2026-08-21T11:41:26+07:00","id":"DfvkrzPUkSIkBLjuUIBZncsclWiDqkgP","remote_ip":"::1","host":"localhost:5000","method":"GET","uri":"/api/shipping-address-query","status":200,"error":"","latency":611870,"latency_human":"611.87µs","bytes_in":0,"bytes_out":2162}
{"time":"2026-08-21T11:41:26+07:00","id":"FEIvshDGggLxhthBZFimxnoyBWfteUWl","remote_ip":"::1","host":"localhost:5000","method":"GET","uri":"/api/shipping-address-query/active","status":200,"error":"","latency":587005,"latency_human":"587.005µs","bytes_in":0,"bytes_out":2331}
{"level":"error","ts":"2026-08-21T11:41:26.104+0700","caller":"shipping_address/query.go:270","msg":"Failed to FindByOrder","error":"rpc error: code = NotFound desc = failed to find shipping address by order ID"}
{"time":"2026-08-21T11:41:26+07:00","id":"FwyTsWaXPvcUoidpPylFRfWQSRtwNccl","remote_ip":"::1","host":"localhost:5000","method":"GET","uri":"/api/shipping-address-query/order/1","status":404,"error":"[NOT_FOUND] failed to find shipping address by order ID","latency":3198833,"latency_human":"3.198833ms","bytes_in":0,"bytes_out":151}
{"time":"2026-08-21T11:41:26+07:00","id":"OihCnzHUkejutiySfSWAbhkqJVHEAJqa","remote_ip":"::1","host":"localhost:5000","method":"GET","uri":"/api/shipping-address-query/trashed","status":200,"error":"","latency":443244,"latency_human":"443.244µs","bytes_in":0,"bytes_out":424}
{"level":"error","ts":"2026-08-21T11:41:26.108+0700","caller":"shipping_address/query.go:270","msg":"Failed to FindById","error":"rpc error: code = NotFound desc = failed to find shipping address by ID"}
{"time":"2026-08-21T11:41:26+07:00","id":"JBNhnRGAfJqkXWEMgmRgeewRJRAskwdd","remote_ip":"::1","host":"localhost:5000","method":"GET","uri":"/api/shipping-address-query/1","status":404,"error":"[NOT_FOUND] failed to find shipping address by ID","latency":2042015,"latency_human":"2.042015ms","bytes_in":0,"bytes_out":145}
{"time":"2026-08-21T11:41:26+07:00","id":"XBwNxWNYpoYoTNDMtsvgnMvnKnWDJlNS","remote_ip":"::1","host":"localhost:5000","method":"POST","uri":"/api/slider-command/create","status":400,"error":"code=400, message=Name is required","latency":155388,"latency_human":"155.388µs","bytes_in":2,"bytes_out":31}
{"time":"2026-08-21T11:41:26+07:00","id":"HjRDHcREWhWdGgFcwxZPLdNXzoUUBrvC","remote_ip":"::1","host":"localhost:5000","method":"POST","uri":"/api/slider-command/permanent/all","status":200,"error":"","latency":3372770,"latency_human":"3.37277ms","bytes_in":2,"bytes_out":78}
{"time":"2026-08-21T11:41:26+07:00","id":"KEOtctBtXmwhxfVZqAhshfIRxyjnMewL","remote_ip":"::1","host":"localhost:5000","method":"DELETE","uri":"/api/slider-command/permanent/1","status":200,"error":"","latency":2207834,"latency_human":"2.207834ms","bytes_in":2,"bytes_out":73}
{"time":"2026-08-21T11:41:26+07:00","id":"hOcnXtaYiYKWOEXSRBfyszilykKxmPiw","remote_ip":"::1","host":"localhost:5000","method":"POST","uri":"/api/slider-command/restore/all","status":200,"error":"","latency":1652916,"latency_human":"1.652916ms","bytes_in":2,"bytes_out":67}
{"level":"error","ts":"2026-08-21T11:41:26.120+0700","caller":"slider/command.go:279","msg":"Failed to Restore","error":"rpc error: code = NotFound desc = slider not found"}
{"time":"2026-08-21T11:41:26+07:00","id":"RrFSCTynxVDfMuVmyTgAXPQhqlBxezAU","remote_ip":"::1","host":"localhost:5000","method":"POST","uri":"/api/slider-command/restore/1","status":404,"error":"[NOT_FOUND] slider not found","latency":2435837,"latency_human":"2.435837ms","bytes_in":2,"bytes_out":124}
{"time":"2026-08-21T11:41:26+07:00","id":"GignAYQSHuATjDDBgmSorUeGcINwsrIc","remote_ip":"::1","host":"localhost:5000","method":"POST","uri":"/api/slider-command/trashed/1","status":200,"error":"","latency":2845386,"latency_human":"2.845386ms","bytes_in":2,"bytes_out":204}
{"time":"2026-08-21T11:41:26+07:00","id":"SVnmoLBSLtsxBaTJUSiYfUpoGmSsthcL","remote_ip":"::1","host":"localhost:5000","method":"POST","uri":"/api/slider-command/update/1","status":400,"error":"code=400, message=Name is required","latency":76121,"latency_human":"76.121µs","bytes_in":2,"bytes_out":31}
{"time":"2026-08-21T11:41:26+07:00","id":"HgikgMReYrrjEcqkCxsccNIxZqntmwNR","remote_ip":"::1","host":"localhost:5000","method":"GET","uri":"/api/slider-query","status":200,"error":"","latency":819986,"latency_human":"819.986µs","bytes_in":0,"bytes_out":1305}
{"time":"2026-08-21T11:41:26+07:00","id":"ejcgHBZdACQCLPCytYXLjRvsojnMSDYf","remote_ip":"::1","host":"localhost:5000","method":"GET","uri":"/api/slider-query/active","status":200,"error":"","latency":483389,"latency_human":"483.389µs","bytes_in":0,"bytes_out":1492}
{"time":"2026-08-21T11:41:26+07:00","id":"aIUDJIruyumNDwOktRjjMuzLAAzIltBe","remote_ip":"::1","host":"localhost:5000","method":"GET","uri":"/api/slider-query/trashed","status":200,"error":"","latency":272540,"latency_human":"272.54µs","bytes_in":0,"bytes_out":333}
{"level":"error","ts":"2026-08-21T11:41:26.130+0700","caller":"slider/query.go:234","msg":"Failed to FindById","error":"rpc error: code = NotFound desc = failed to find slider by ID"}
{"time":"2026-08-21T11:41:26+07:00","id":"JAFASRzaTVKTFddlWZoIXxffSBGBQoNI","remote_ip":"::1","host":"localhost:5000","method":"GET","uri":"/api/slider-query/1","status":404,"error":"[NOT_FOUND] failed to find slider by ID","latency":2150843,"latency_human":"2.150843ms","bytes_in":0,"bytes_out":135}
{"level":"info","ts":"2026-08-21T11:41:26.131+0700","caller":"observability/tracing_metrics.go:105","msg":"Start: CreateTransaction"}
{"level":"error","ts":"2026-08-21T11:41:26.134+0700","caller":"errors/api_errors.go:71","msg":"API error in CreateTransaction","error":"[] Invalid User ID","trace.id":"48282d9a766a4ca0f9f65c3a7359f55c","path":"/api/transaction-command/create","method":"POST"}
{"time":"2026-08-21T11:41:26+07:00","id":"UdpjoPhxCiJtIkxqigTYzmCsqbfcXtKP","remote_ip":"::1","host":"localhost:5000","method":"POST","uri":"/api/transaction-command/create","status":404,"error":"","latency":3128750,"latency_human":"3.12875ms","bytes_in":2,"bytes_out":104}
{"level":"info","ts":"2026-08-21T11:41:26.135+0700","caller":"observability/tracing_metrics.go:105","msg":"Start: DeleteAllTransactionPermanent"}
{"level":"info","ts":"2026-08-21T11:41:26.139+0700","caller":"cache/redis_cache.go:208","msg":"Invalidated cache keys","pattern":"transaction:*","count":0}
{"level":"info","ts":"2026-08-21T11:41:26.139+0700","caller":"observability/tracing_metrics.go:122","msg":"Request completed successfully"}
{"time":"2026-08-21T11:41:26+07:00","id":"iKRoFeoLntPttVxchrAxbYOlhfeqmfgr","remote_ip":"::1","host":"localhost:5000","method":"POST","uri":"/api/transaction-command/permanent/all","status":200,"error":"","latency":4198024,"latency_human":"4.198024ms","bytes_in":2,"bytes_out":83}
{"level":"info","ts":"2026-08-21T11:41:26.139+0700","caller":"observability/tracing_metrics.go:105","msg":"Start: DeleteTransactionPermanent"}
{"level":"info","ts":"2026-08-21T11:41:26.142+0700","caller":"cache/redis_cache.go:208","msg":"Invalidated cache keys","pattern":"transaction:*","count":0}
{"level":"info","ts":"2026-08-21T11:41:26.143+0700","caller":"observability/tracing_metrics.go:122","msg":"Request completed successfully"}
{"time":"2026-08-21T11:41:26+07:00","id":"ewmLnJYbSxFycYMEipQxAZmlyCUCXbbp","remote_ip":"::1","host":"localhost:5000","method":"DELETE","uri":"/api/transaction-command/permanent/1","status":200,"error":"","latency":3551597,"latency_human":"3.551597ms","bytes_in":2,"bytes_out":78}
{"level":"info","ts":"2026-08-21T11:41:26.143+0700","caller":"observability/tracing_metrics.go:105","msg":"Start: RestoreAllTransaction"}
{"level":"info","ts":"2026-08-21T11:41:26.145+0700","caller":"cache/redis_cache.go:208","msg":"Invalidated cache keys","pattern":"transaction:*","count":0}
{"level":"info","ts":"2026-08-21T11:41:26.145+0700","caller":"observability/tracing_metrics.go:122","msg":"Request completed successfully"}
{"time":"2026-08-21T11:41:26+07:00","id":"zigmeEyPwAmQOAARqTBNBhmFAStKHuwS","remote_ip":"::1","host":"localhost:5000","method":"POST","uri":"/api/transaction-command/restore/all","status":200,"error":"","latency":2043676,"latency_human":"2.043676ms","bytes_in":2,"bytes_out":72}
{"level":"info","ts":"2026-08-21T11:41:26.146+0700","caller":"observability/tracing_metrics.go:105","msg":"Start: RestoreTransaction"}
{"level":"error","ts":"2026-08-21T11:41:26.147+0700","caller":"errors/api_errors.go:71","msg":"API error in RestoreTransaction","error":"[NOT_FOUND] transaction not found","trace.id":"b19ae24e69a23def4980b91fb56362ae","path":"/api/transaction-command/restore/1","method":"POST"}
{"time":"2026-08-21T11:41:26+07:00","id":"YWNBYuwLbmOfYBBXYEUPvpPrWkiwlNPP","remote_ip":"::1","host":"localhost:5000","method":"POST","uri":"/api/transaction-command/restore/1","status":404,"error":"","latency":1590237,"latency_human":"1.590237ms","bytes_in":2,"bytes_out":129}
{"level":"info","ts":"2026-08-21T11:41:26.148+0700","caller":"observability/tracing_metrics.go:105","msg":"Start: TrashedTransaction"}
{"level":"error","ts":"2026-08-21T11:41:26.149+0700","caller":"errors/api_errors.go:71","msg":"API error in TrashedTransaction","error":"[NOT_FOUND] transaction not found","trace.id":"0bd4e89ae203ac9eb0b5de8da088ce7b","path":"/api/transaction-command/trashed/1","method":"POST"}
{"time":"2026-08-21T11:41:26+07:00","id":"jtqRJMHdVttPzAbVogJUhMtoPuCOAYZu","remote_ip":"::1","host":"localhost:5000","method":"POST","uri":"/api/transaction-command/trashed/1","status":404,"error":"","latency":1482058,"latency_human":"1.482058ms","bytes_in":2,"bytes_out":129}
{"level":"info","ts":"2026-08-21T11:41:26.150+0700","caller":"observability/tracing_metrics.go:105","msg":"Start: UpdateTransaction"}
{"level":"error","ts":"2026-08-21T11:41:26.151+0700","caller":"errors/api_errors.go:71","msg":"API error in UpdateTransaction","error":"[NOT_FOUND] transaction not found","trace.id":"7d02befc51295652f99b720d4ba90424","path":"/api/transaction-command/update/1","method":"POST"}
{"time":"2026-08-21T11:41:26+07:00","id":"rIRtFlToBkXxsCTFGjjiVSDfOLskDDww","remote_ip":"::1","host":"localhost:5000","method":"POST","uri":"/api/transaction-command/update/1","status":404,"error":"","latency":1561809,"latency_human":"1.561809ms","bytes_in":2,"bytes_out":129}
{"level":"info","ts":"2026-08-21T11:41:26.152+0700","caller":"observability/tracing_metrics.go:105","msg":"Start: FindAllTransactions"}
{"level":"debug","ts":"2026-08-21T11:41:26.156+0700","caller":"cache/redis_cache.go:98","msg":"Successfully cached data","cacheKey":"transaction:all:page:1:pageSize:10:search:","expiration":"5m0s"}
{"level":"info","ts":"2026-08-21T11:41:26.156+0700","caller":"observability/tracing_metrics.go:122","msg":"Request completed successfully"}
{"time":"2026-08-21T11:41:26+07:00","id":"bthxSdMyqNKzJHFjFeTprZtEyayedkNS","remote_ip":"::1","host":"localhost:5000","method":"GET","uri":"/api/transaction-query","status":200,"error":"","latency":3785255,"latency_human":"3.785255ms","bytes_in":0,"bytes_out":1777}
{"level":"info","ts":"2026-08-21T11:41:26.156+0700","caller":"observability/tracing_metrics.go:105","msg":"Start: FindByActive"}
{"level":"debug","ts":"2026-08-21T11:41:26.161+0700","caller":"cache/redis_cache.go:98","msg":"Successfully cached data","cacheKey":"transaction:active:page:1:pageSize:10:search:","expiration":"5m0s"}
{"level":"info","ts":"2026-08-21T11:41:26.161+0700","caller":"observability/tracing_metrics.go:122","msg":"Request completed successfully"}
{"time":"2026-08-21T11:41:26+07:00","id":"ZRbUUdDGRKTNReLdfYFfSVRDnqOecpyf","remote_ip":"::1","host":"localhost:5000","method":"GET","uri":"/api/transaction-query/active","status":200,"error":"","latency":4718471,"latency_human":"4.718471ms","bytes_in":0,"bytes_out":1784}
{"level":"info","ts":"2026-08-21T11:41:26.161+0700","caller":"observability/tracing_metrics.go:105","msg":"Start: FindByMerchant"}
{"level":"debug","ts":"2026-08-21T11:41:26.164+0700","caller":"cache/redis_cache.go:98","msg":"Successfully cached data","cacheKey":"transaction:merchant:1:page:1:pageSize:10:search:","expiration":"5m0s"}
{"level":"info","ts":"2026-08-21T11:41:26.164+0700","caller":"observability/tracing_metrics.go:122","msg":"Request completed successfully"}
{"time":"2026-08-21T11:41:26+07:00","id":"xfcKEBJOwaTqwYCTDHkVkFyLUwVQXbNt","remote_ip":"::1","host":"localhost:5000","method":"GET","uri":"/api/transaction-query/merchant/1","status":200,"error":"","latency":3066221,"latency_human":"3.066221ms","bytes_in":0,"bytes_out":172}
{"level":"info","ts":"2026-08-21T11:41:26.165+0700","caller":"observability/tracing_metrics.go:105","msg":"Start: FindByTrashed"}
{"level":"debug","ts":"2026-08-21T11:41:26.168+0700","caller":"cache/redis_cache.go:98","msg":"Successfully cached data","cacheKey":"transaction:trashed:page:1:pageSize:10:search:","expiration":"5m0s"}
{"level":"info","ts":"2026-08-21T11:41:26.168+0700","caller":"observability/tracing_metrics.go:122","msg":"Request completed successfully"}
{"time":"2026-08-21T11:41:26+07:00","id":"qUDyuskKnjVHhFvCVtIfJugVguspjZSg","remote_ip":"::1","host":"localhost:5000","method":"GET","uri":"/api/transaction-query/trashed","status":200,"error":"","latency":3602303,"latency_human":"3.602303ms","bytes_in":0,"bytes_out":168}
{"level":"info","ts":"2026-08-21T11:41:26.169+0700","caller":"observability/tracing_metrics.go:105","msg":"Start: FindById"}
{"level":"error","ts":"2026-08-21T11:41:26.172+0700","caller":"errors/api_errors.go:71","msg":"API error in FindById","error":"[NOT_FOUND] transaction not found","trace.id":"52a04ee3b0dd26af124103ecf51bd23c","path":"/api/transaction-query/1","method":"GET"}
{"time":"2026-08-21T11:41:26+07:00","id":"ElOqIrpwaIlbYMkBCqTEzWbXORpnTtVj","remote_ip":"::1","host":"localhost:5000","method":"GET","uri":"/api/transaction-query/1","status":404,"error":"","latency":3076482,"latency_human":"3.076482ms","bytes_in":0,"bytes_out":129}
{"level":"info","ts":"2026-08-21T11:41:26.173+0700","caller":"observability/tracing_metrics.go:105","msg":"Start: GetMonthlyAmountFailedByMerchant"}
{"level":"debug","ts":"2026-08-21T11:41:26.177+0700","caller":"cache/redis_cache.go:98","msg":"Successfully cached data","cacheKey":"transaction:month:amount:failed:merchant:0:month:0:year:0","expiration":"5m0s"}
{"level":"info","ts":"2026-08-21T11:41:26.178+0700","caller":"observability/tracing_metrics.go:122","msg":"Request completed successfully"}
{"time":"2026-08-21T11:41:26+07:00","id":"ZsdySffXIlPXhMctcHbWSndwjnPAKguK","remote_ip":"::1","host":"localhost:5000","method":"GET","uri":"/api/transaction-stats/merchant/monthly-failed","status":200,"error":"","latency":4952252,"latency_human":"4.952252ms","bytes_in":0,"bytes_out":227}
{"level":"info","ts":"2026-08-21T11:41:26.178+0700","caller":"observability/tracing_metrics.go:105","msg":"Start: GetMonthlyTransactionMethodByMerchantFailed"}
{"level":"debug","ts":"2026-08-21T11:41:26.183+0700","caller":"cache/redis_cache.go:98","msg":"Successfully cached data","cacheKey":"transaction:month:method:failed:merchant:0:month:0:year:0","expiration":"5m0s"}
{"level":"info","ts":"2026-08-21T11:41:26.183+0700","caller":"observability/tracing_metrics.go:122","msg":"Request completed successfully"}
{"time":"2026-08-21T11:41:26+07:00","id":"CeuRybjOtfIEmsCztTHeXkhUjgcsYEGW","remote_ip":"::1","host":"localhost:5000","method":"GET","uri":"/api/transaction-stats/merchant/monthly-method-failed","status":200,"error":"","latency":4819073,"latency_human":"4.819073ms","bytes_in":0,"bytes_out":977}
{"level":"info","ts":"2026-08-21T11:41:26.184+0700","caller":"observability/tracing_metrics.go:105","msg":"Start: GetMonthlyTransactionMethodByMerchantSuccess"}
{"level":"debug","ts":"2026-08-21T11:41:26.189+0700","caller":"cache/redis_cache.go:98","msg":"Successfully cached data","cacheKey":"transaction:month:method:success:merchant:0:month:0:year:0","expiration":"5m0s"}
{"level":"info","ts":"2026-08-21T11:41:26.189+0700","caller":"observability/tracing_metrics.go:122","msg":"Request completed successfully"}
{"time":"2026-08-21T11:41:26+07:00","id":"VtnvtyqTwsKKkTlwjnBLwavDcFZJiVtf","remote_ip":"::1","host":"localhost:5000","method":"GET","uri":"/api/transaction-stats/merchant/monthly-method-success","status":200,"error":"","latency":5448464,"latency_human":"5.448464ms","bytes_in":0,"bytes_out":978}
{"level":"info","ts":"2026-08-21T11:41:26.190+0700","caller":"observability/tracing_metrics.go:105","msg":"Start: GetMonthlyAmountSuccessByMerchant"}
{"level":"debug","ts":"2026-08-21T11:41:26.194+0700","caller":"cache/redis_cache.go:98","msg":"Successfully cached data","cacheKey":"transaction:month:amount:success:merchant:0:month:0:year:0","expiration":"5m0s"}
{"level":"info","ts":"2026-08-21T11:41:26.194+0700","caller":"observability/tracing_metrics.go:122","msg":"Request completed successfully"}
{"time":"2026-08-21T11:41:26+07:00","id":"gCtZElJdCoFwEELgjXDzKKpYPOSDaBsV","remote_ip":"::1","host":"localhost:5000","method":"GET","uri":"/api/transaction-stats/merchant/monthly-success","status":200,"error":"","latency":4718216,"latency_human":"4.718216ms","bytes_in":0,"bytes_out":230}
{"level":"info","ts":"2026-08-21T11:41:26.195+0700","caller":"observability/tracing_metrics.go:105","msg":"Start: GetYearlyAmountFailedByMerchant"}
{"level":"debug","ts":"2026-08-21T11:41:26.198+0700","caller":"cache/redis_cache.go:98","msg":"Successfully cached data","cacheKey":"transaction:year:amount:failed:merchant:0:year:0","expiration":"5m0s"}
{"level":"info","ts":"2026-08-21T11:41:26.198+0700","caller":"observability/tracing_metrics.go:122","msg":"Request completed successfully"}
{"time":"2026-08-21T11:41:26+07:00","id":"ZpHBjIOQmVSfyOvVvhuuFhGZJApkQYRV","remote_ip":"::1","host":"localhost:5000","method":"GET","uri":"/api/transaction-stats/merchant/yearly-failed","status":200,"error":"","latency":3440952,"latency_human":"3.440952ms","bytes_in":0,"bytes_out":197}
{"level":"info","ts":"2026-08-21T11:41:26.199+0700","caller":"observability/tracing_metrics.go:105","msg":"Start: GetYearlyTransactionMethodByMerchantFailed"}
{"level":"debug","ts":"2026-08-21T11:41:26.202+0700","caller":"cache/redis_cache.go:98","msg":"Successfully cached data","cacheKey":"transaction:year:method:failed:merchant:0:year:0","expiration":"5m0s"}
{"level":"info","ts":"2026-08-21T11:41:26.202+0700","caller":"observability/tracing_metrics.go:122","msg":"Request completed successfully"}
{"time":"2026-08-21T11:41:26+07:00","id":"vNhYPjOinGjYRYROYFBNIzlQfgAMAFFr","remote_ip":"::1","host":"localhost:5000","method":"GET","uri":"/api/transaction-stats/merchant/yearly-method-failed","status":200,"error":"","latency":3801164,"latency_human":"3.801164ms","bytes_in":0,"bytes_out":956}
{"level":"info","ts":"2026-08-21T11:41:26.203+0700","caller":"observability/tracing_metrics.go:105","msg":"Start: GetYearlyTransactionMethodByMerchantSuccess"}
{"level":"debug","ts":"2026-08-21T11:41:26.208+0700","caller":"cache/redis_cache.go:98","msg":"Successfully cached data","cacheKey":"transaction:year:method:success:merchant:0:year:0","expiration":"5m0s"}
{"level":"info","ts":"2026-08-21T11:41:26.208+0700","caller":"observability/tracing_metrics.go:122","msg":"Request completed successfully"}
{"time":"2026-08-21T11:41:26+07:00","id":"nCCnNyDKCKtOUDoqrYGSdoklFdwCzwzy","remote_ip":"::1","host":"localhost:5000","method":"GET","uri":"/api/transaction-stats/merchant/yearly-method-success","status":200,"error":"","latency":4524013,"latency_human":"4.524013ms","bytes_in":0,"bytes_out":1378}
{"level":"info","ts":"2026-08-21T11:41:26.209+0700","caller":"observability/tracing_metrics.go:105","msg":"Start: GetYearlyAmountSuccessByMerchant"}
{"level":"debug","ts":"2026-08-21T11:41:26.212+0700","caller":"cache/redis_cache.go:98","msg":"Successfully cached data","cacheKey":"transaction:year:amount:success:merchant:0:year:0","expiration":"5m0s"}
{"level":"info","ts":"2026-08-21T11:41:26.212+0700","caller":"observability/tracing_metrics.go:122","msg":"Request completed successfully"}
{"time":"2026-08-21T11:41:26+07:00","id":"kNURphlkXYfZFpiZkdpUZkUmjbHtCsCp","remote_ip":"::1","host":"localhost:5000","method":"GET","uri":"/api/transaction-stats/merchant/yearly-success","status":200,"error":"","latency":3812864,"latency_human":"3.812864ms","bytes_in":0,"bytes_out":200}
{"level":"info","ts":"2026-08-21T11:41:26.213+0700","caller":"observability/tracing_metrics.go:105","msg":"Start: GetMonthlyAmountFailed"}
{"level":"debug","ts":"2026-08-21T11:41:26.216+0700","caller":"cache/redis_cache.go:98","msg":"Successfully cached data","cacheKey":"transaction:month:amount:failed:month:0:year:0","expiration":"5m0s"}
{"level":"info","ts":"2026-08-21T11:41:26.216+0700","caller":"observability/tracing_metrics.go:122","msg":"Request completed successfully"}
{"time":"2026-08-21T11:41:26+07:00","id":"mXKYDhwwiMueaOZOacuDKwDYewJwxPuU","remote_ip":"::1","host":"localhost:5000","method":"GET","uri":"/api/transaction-stats/monthly-failed","status":200,"error":"","latency":3419347,"latency_human":"3.419347ms","bytes_in":0,"bytes_out":215}
{"level":"info","ts":"2026-08-21T11:41:26.217+0700","caller":"observability/tracing_metrics.go:105","msg":"Start: GetMonthlyTransactionMethodFailed"}
{"level":"debug","ts":"2026-08-21T11:41:26.221+0700","caller":"cache/redis_cache.go:98","msg":"Successfully cached data","cacheKey":"transaction:month:method:failed:month:0:year:0","expiration":"5m0s"}
{"level":"info","ts":"2026-08-21T11:41:26.221+0700","caller":"observability/tracing_metrics.go:122","msg":"Request completed successfully"}
{"time":"2026-08-21T11:41:26+07:00","id":"YFmGtXoIrVYjSaOuaJHPTWOgbXwHCTrq","remote_ip":"::1","host":"localhost:5000","method":"GET","uri":"/api/transaction-stats/monthly-method-failed","status":200,"error":"","latency":4630289,"latency_human":"4.630289ms","bytes_in":0,"bytes_out":965}
{"level":"info","ts":"2026-08-21T11:41:26.222+0700","caller":"observability/tracing_metrics.go:105","msg":"Start: GetMonthlyTransactionMethodSuccess"}
{"level":"debug","ts":"2026-08-21T11:41:26.226+0700","caller":"cache/redis_cache.go:98","msg":"Successfully cached data","cacheKey":"transaction:month:method:success:month:0:year:0","expiration":"5m0s"}
{"level":"info","ts":"2026-08-21T11:41:26.226+0700","caller":"observability/tracing_metrics.go:122","msg":"Request completed successfully"}
{"time":"2026-08-21T11:41:26+07:00","id":"EpwOTvJkyfMnFPKjjmtBAEvABBwkVoki","remote_ip":"::1","host":"localhost:5000","method":"GET","uri":"/api/transaction-stats/monthly-method-success","status":200,"error":"","latency":4548568,"latency_human":"4.548568ms","bytes_in":0,"bytes_out":966}
{"level":"info","ts":"2026-08-21T11:41:26.227+0700","caller":"observability/tracing_metrics.go:105","msg":"Start: GetMonthlyAmountSuccess"}
{"level":"debug","ts":"2026-08-21T11:41:26.231+0700","caller":"cache/redis_cache.go:98","msg":"Successfully cached data","cacheKey":"transaction:month:amount:success:month:0:year:0","expiration":"5m0s"}
{"level":"info","ts":"2026-08-21T11:41:26.231+0700","caller":"observability/tracing_metrics.go:122","msg":"Request completed successfully"}
{"time":"2026-08-21T11:41:26+07:00","id":"CdRNUWgQcebMhwevBUXvExeIQhVJfQkL","remote_ip":"::1","host":"localhost:5000","method":"GET","uri":"/api/transaction-stats/monthly-success","status":200,"error":"","latency":3982702,"latency_human":"3.982702ms","bytes_in":0,"bytes_out":218}
{"level":"info","ts":"2026-08-21T11:41:26.231+0700","caller":"observability/tracing_metrics.go:105","msg":"Start: GetYearlyAmountFailed"}
{"level":"debug","ts":"2026-08-21T11:41:26.235+0700","caller":"cache/redis_cache.go:98","msg":"Successfully cached data","cacheKey":"transaction:year:amount:failed:year:0","expiration":"5m0s"}
{"level":"info","ts":"2026-08-21T11:41:26.235+0700","caller":"observability/tracing_metrics.go:122","msg":"Request completed successfully"}
{"time":"2026-08-21T11:41:26+07:00","id":"DavunBIubYnVhcHfXMRHXmfyXbRutlFK","remote_ip":"::1","host":"localhost:5000","method":"GET","uri":"/api/transaction-stats/yearly-failed","status":200,"error":"","latency":3795848,"latency_human":"3.795848ms","bytes_in":0,"bytes_out":185}
{"level":"info","ts":"2026-08-21T11:41:26.236+0700","caller":"observability/tracing_metrics.go:105","msg":"Start: GetYearlyTransactionMethodFailed"}
{"level":"debug","ts":"2026-08-21T11:41:26.241+0700","caller":"cache/redis_cache.go:98","msg":"Successfully cached data","cacheKey":"transaction:year:method:failed:year:0","expiration":"5m0s"}
{"level":"info","ts":"2026-08-21T11:41:26.241+0700","caller":"observability/tracing_metrics.go:122","msg":"Request completed successfully"}
{"time":"2026-08-21T11:41:26+07:00","id":"YkAKvUTIDBEChedVsdOFeLgHSKaqBPEO","remote_ip":"::1","host":"localhost:5000","method":"GET","uri":"/api/transaction-stats/yearly-method-failed","status":200,"error":"","latency":5097560,"latency_human":"5.09756ms","bytes_in":0,"bytes_out":944}
{"level":"info","ts":"2026-08-21T11:41:26.241+0700","caller":"observability/tracing_metrics.go:105","msg":"Start: GetYearlyTransactionMethodSuccess"}
{"level":"debug","ts":"2026-08-21T11:41:26.246+0700","caller":"cache/redis_cache.go:98","msg":"Successfully cached data","cacheKey":"transaction:year:method:success:year:0","expiration":"5m0s"}
{"level":"info","ts":"2026-08-21T11:41:26.246+0700","caller":"observability/tracing_metrics.go:122","msg":"Request completed successfully"}
{"time":"2026-08-21T11:41:26+07:00","id":"BqAMKSeABGqyzHBEZhonOHgHaRLtXIwc","remote_ip":"::1","host":"localhost:5000","method":"GET","uri":"/api/transaction-stats/yearly-method-success","status":200,"error":"","latency":4761467,"latency_human":"4.761467ms","bytes_in":0,"bytes_out":945}
{"level":"info","ts":"2026-08-21T11:41:26.247+0700","caller":"observability/tracing_metrics.go:105","msg":"Start: GetYearlyAmountSuccess"}
{"level":"debug","ts":"2026-08-21T11:41:26.250+0700","caller":"cache/redis_cache.go:98","msg":"Successfully cached data","cacheKey":"transaction:year:amount:success:year:0","expiration":"5m0s"}
{"level":"info","ts":"2026-08-21T11:41:26.251+0700","caller":"observability/tracing_metrics.go:122","msg":"Request completed successfully"}
{"time":"2026-08-21T11:41:26+07:00","id":"pbhpFBNqBxkNiNhyxFKSKrlbGFXicmBG","remote_ip":"::1","host":"localhost:5000","method":"GET","uri":"/api/transaction-stats/yearly-success","status":200,"error":"","latency":4005996,"latency_human":"4.005996ms","bytes_in":0,"bytes_out":188}
{"level":"info","ts":"2026-08-21T11:41:26.251+0700","caller":"observability/tracing_metrics.go:105","msg":"Start: create-user"}
{"level":"error","ts":"2026-08-21T11:41:26.251+0700","caller":"errors/api_errors.go:71","msg":"API error in create-user","error":"[BAD_REQUEST] Validation failed","trace.id":"4419ab397bfc887a7e551532582f8b01","path":"/api/user-command/create","method":"POST"}
{"time":"2026-08-21T11:41:26+07:00","id":"XErSPhXfVVtnoxoICOowbMBFLObcOSYC","remote_ip":"::1","host":"localhost:5000","method":"POST","uri":"/api/user-command/create","status":400,"error":"","latency":271729,"latency_human":"271.729µs","bytes_in":2,"bytes_out":428}
{"level":"info","ts":"2026-08-21T11:41:26.252+0700","caller":"observability/tracing_metrics.go:105","msg":"Start: delete-all-users-permanent"}
{"level":"error","ts":"2026-08-21T11:41:26.264+0700","caller":"errors/api_errors.go:71","msg":"API error in delete-all-users-permanent","error":"[CONFLICT] cannot permanently delete users while related records exist","trace.id":"558fe1e7cfb22c03e19b1ff75d2638d2","path":"/api/user-command/permanent/all","method":"POST"}
{"time":"2026-08-21T11:41:26+07:00","id":"kiuAaqZvRXgTnzeiSblCUDjdbFRSWFlq","remote_ip":"::1","host":"localhost:5000","method":"POST","uri":"/api/user-command/permanent/all","status":409,"error":"","latency":12419375,"latency_human":"12.419375ms","bytes_in":2,"bytes_out":166}
{"level":"info","ts":"2026-08-21T11:41:26.265+0700","caller":"observability/tracing_metrics.go:105","msg":"Start: delete-user-permanent"}
{"level":"info","ts":"2026-08-21T11:41:26.267+0700","caller":"observability/tracing_metrics.go:122","msg":"Request completed successfully"}
{"time":"2026-08-21T11:41:26+07:00","id":"XoCKyLqxCnLyLptNgVtegDljVKDMPkKq","remote_ip":"::1","host":"localhost:5000","method":"DELETE","uri":"/api/user-command/permanent/1","status":200,"error":"","latency":2097136,"latency_human":"2.097136ms","bytes_in":2,"bytes_out":71}
{"level":"info","ts":"2026-08-21T11:41:26.267+0700","caller":"observability/tracing_metrics.go:105","msg":"Start: restore-all-users"}
{"level":"debug","ts":"2026-08-21T11:41:26.270+0700","caller":"user/command.go:312","msg":"Successfully restored all user"}
{"level":"info","ts":"2026-08-21T11:41:26.270+0700","caller":"observability/tracing_metrics.go:122","msg":"Request completed successfully"}
{"time":"2026-08-21T11:41:26+07:00","id":"XrYdQCszEfHQTDgKjnWJBANScLoaEdYt","remote_ip":"::1","host":"localhost:5000","method":"POST","uri":"/api/user-command/restore/all","status":200,"error":"","latency":3032068,"latency_human":"3.032068ms","bytes_in":2,"bytes_out":65}
{"level":"info","ts":"2026-08-21T11:41:26.271+0700","caller":"observability/tracing_metrics.go:105","msg":"Start: restore-user"}
{"level":"error","ts":"2026-08-21T11:41:26.273+0700","caller":"errors/api_errors.go:71","msg":"API error in restore-user","error":"[NOT_FOUND] User not found","trace.id":"ff3e9c64b03c9f59a762b6185aeaf33c","path":"/api/user-command/restore/1","method":"POST"}
{"time":"2026-08-21T11:41:26+07:00","id":"UvmqiBBdbqgpcLZTFlMxppZwcnMcTkGL","remote_ip":"::1","host":"localhost:5000","method":"POST","uri":"/api/user-command/restore/1","status":404,"error":"","latency":1721236,"latency_human":"1.721236ms","bytes_in":2,"bytes_out":122}
{"time":"2026-08-21T11:41:26+07:00","id":"DlcSefuYxAJjCAHZCKKbWaDDOsuQChMH","remote_ip":"::1","host":"localhost:5000","method":"GET","uri":"/api/user-command/trashed/1","status":405,"error":"code=405, message=Method Not Allowed","latency":91582,"latency_human":"91.582µs","bytes_in":0,"bytes_out":33}
{"level":"info","ts":"2026-08-21T11:41:26.274+0700","caller":"observability/tracing_metrics.go:105","msg":"Start: update-user"}
{"level":"error","ts":"2026-08-21T11:41:26.274+0700","caller":"errors/api_errors.go:71","msg":"API error in update-user","error":"[BAD_REQUEST] Validation failed","trace.id":"8a33ac7e179345da0f0b8f4950539288","path":"/api/user-command/update/1","method":"POST"}
{"time":"2026-08-21T11:41:26+07:00","id":"KMhuWgKJncseHZeHEROkSZQIdGmFxiKt","remote_ip":"::1","host":"localhost:5000","method":"POST","uri":"/api/user-command/update/1","status":400,"error":"","latency":397572,"latency_human":"397.572µs","bytes_in":2,"bytes_out":428}
{"level":"info","ts":"2026-08-21T11:41:26.275+0700","caller":"observability/tracing_metrics.go:105","msg":"Start: find-all-users"}
{"level":"info","ts":"2026-08-21T11:41:26.275+0700","caller":"observability/tracing_metrics.go:122","msg":"Request completed successfully"}
{"time":"2026-08-21T11:41:26+07:00","id":"LaLHgJkdrrPpxqFFbLGBArBQdGIUZPmQ","remote_ip":"::1","host":"localhost:5000","method":"GET","uri":"/api/user-query","status":200,"error":"","latency":775177,"latency_human":"775.177µs","bytes_in":0,"bytes_out":1834}
{"level":"info","ts":"2026-08-21T11:41:26.276+0700","caller":"observability/tracing_metrics.go:105","msg":"Start: find-active-users"}
{"level":"info","ts":"2026-08-21T11:41:26.277+0700","caller":"observability/tracing_metrics.go:122","msg":"Request completed successfully"}
{"time":"2026-08-21T11:41:26+07:00","id":"avoTQlyAOyuHFcdlFiPrxfLbNecrwNzo","remote_ip":"::1","host":"localhost:5000","method":"GET","uri":"/api/user-query/active","status":200,"error":"","latency":773595,"latency_human":"773.595µs","bytes_in":0,"bytes_out":2201}
{"level":"info","ts":"2026-08-21T11:41:26.277+0700","caller":"observability/tracing_metrics.go:105","msg":"Start: find-trashed-users"}
{"level":"info","ts":"2026-08-21T11:41:26.277+0700","caller":"observability/tracing_metrics.go:122","msg":"Request completed successfully"}
{"time":"2026-08-21T11:41:26+07:00","id":"eJXESEaoeXfbzItlofcOqFQQfIIWAIvE","remote_ip":"::1","host":"localhost:5000","method":"GET","uri":"/api/user-query/trashed","status":200,"error":"","latency":460246,"latency_human":"460.246µs","bytes_in":0,"bytes_out":1468}
{"level":"info","ts":"2026-08-21T11:41:26.278+0700","caller":"observability/tracing_metrics.go:105","msg":"Start: find-user-by-id"}
{"level":"debug","ts":"2026-08-21T11:41:26.280+0700","caller":"cache/redis_cache.go:98","msg":"Successfully cached data","cacheKey":"user:id:1","expiration":"5m0s"}
{"level":"info","ts":"2026-08-21T11:41:26.280+0700","caller":"observability/tracing_metrics.go:122","msg":"Request completed successfully"}
{"time":"2026-08-21T11:41:26+07:00","id":"cJugRQTCyzlULZeYKDMyhgzPurATssOk","remote_ip":"::1","host":"localhost:5000","method":"GET","uri":"/api/user-query/1","status":200,"error":"","latency":2587208,"latency_human":"2.587208ms","bytes_in":0,"bytes_out":250}
2026/08/21 11:41:28 traces export: exporter export timeout: rpc error: code = Unavailable desc = connection error: desc = "transport: Error while dialing: dial tcp 127.0.0.1:4317: connect: connection refused"
{"time":"2026-08-21T11:41:28+07:00","id":"xBTQdTLQpIYvblYioHVJdeOAtZWpSTvO","remote_ip":"::1","host":"localhost:5000","method":"GET","uri":"/api/auth/hello","status":200,"error":"","latency":17900,"latency_human":"17.9µs","bytes_in":0,"bytes_out":5}
{"level":"info","ts":"2026-08-21T11:41:28.306+0700","caller":"observability/tracing_metrics.go:105","msg":"Start: register"}
{"level":"info","ts":"2026-08-21T11:41:28.459+0700","caller":"observability/tracing_metrics.go:122","msg":"Request completed successfully"}
{"time":"2026-08-21T11:41:28+07:00","id":"PEiQIBMckpqVARFBvCnqnrRvnLnWnzme","remote_ip":"::1","host":"localhost:5000","method":"POST","uri":"/api/auth/register","status":201,"error":"","latency":152892484,"latency_human":"152.892484ms","bytes_in":169,"bytes_out":244}
{"level":"info","ts":"2026-08-21T11:41:28.460+0700","caller":"observability/tracing_metrics.go:105","msg":"Start: login"}
{"level":"debug","ts":"2026-08-21T11:41:28.606+0700","caller":"cache/redis_cache.go:98","msg":"Successfully cached data","cacheKey":"auth:login:hurl.auth.1787287284@example.com","expiration":"5m0s"}
{"level":"info","ts":"2026-08-21T11:41:28.606+0700","caller":"observability/tracing_metrics.go:122","msg":"Request completed successfully"}
{"time":"2026-08-21T11:41:28+07:00","id":"XfaiUMjmQGYlfWkKILRAtykZLYIARUBo","remote_ip":"::1","host":"localhost:5000","method":"POST","uri":"/api/auth/login","status":200,"error":"","latency":146316495,"latency_human":"146.316495ms","bytes_in":82,"bytes_out":389}
{"level":"info","ts":"2026-08-21T11:41:28.606+0700","caller":"observability/tracing_metrics.go:105","msg":"Start: GetMe"}
{"level":"debug","ts":"2026-08-21T11:41:28.611+0700","caller":"cache/redis_cache.go:98","msg":"Successfully cached data","cacheKey":"auth:user_info:44","expiration":"5m0s"}
{"level":"info","ts":"2026-08-21T11:41:28.611+0700","caller":"observability/tracing_metrics.go:122","msg":"Request completed successfully"}
{"time":"2026-08-21T11:41:28+07:00","id":"WcvFdGXWbnRHWmfIAGVDLbeWIRuFxxOa","remote_ip":"::1","host":"localhost:5000","method":"GET","uri":"/api/auth/me","status":200,"error":"","latency":4417853,"latency_human":"4.417853ms","bytes_in":0,"bytes_out":240}
{"level":"info","ts":"2026-08-21T11:41:28.611+0700","caller":"observability/tracing_metrics.go:105","msg":"Start: refresh-token"}
{"level":"debug","ts":"2026-08-21T11:41:28.617+0700","caller":"cache/redis_cache.go:98","msg":"Successfully cached data","cacheKey":"auth:refresh_token:eyJhbGciOiJIUzI1NiIsInR5cCI6IkpXVCJ9.eyJzdWIiOiI0NCIsImF1ZCI6WyJyZWZyZXNoIl0sImV4cCI6MTc4NzMzMDQ4OH0.3ntjHs-NpLTvR7UBTMcC_g-7uJtu4-HAK1idWYox4wo","expiration":"5m0s"}
{"level":"info","ts":"2026-08-21T11:41:28.617+0700","caller":"observability/tracing_metrics.go:122","msg":"Request completed successfully"}
{"time":"2026-08-21T11:41:28+07:00","id":"dytucsWwqvDvqzVnUrsggEbVqfYQVFJK","remote_ip":"::1","host":"localhost:5000","method":"POST","uri":"/api/auth/refresh-token","status":200,"error":"","latency":6164604,"latency_human":"6.164604ms","bytes_in":171,"bytes_out":392}
{"level":"info","ts":"2026-08-21T11:41:30.641+0700","caller":"observability/tracing_metrics.go:105","msg":"Start: register"}
{"level":"info","ts":"2026-08-21T11:41:30.793+0700","caller":"observability/tracing_metrics.go:122","msg":"Request completed successfully"}
{"time":"2026-08-21T11:41:30+07:00","id":"GEeGXmOQcqnIowCpAJXhrQfUSwpGNqXH","remote_ip":"::1","host":"localhost:5000","method":"POST","uri":"/api/auth/register","status":201,"error":"","latency":151577555,"latency_human":"151.577555ms","bytes_in":174,"bytes_out":249}
{"level":"info","ts":"2026-08-21T11:41:30.793+0700","caller":"observability/tracing_metrics.go:105","msg":"Start: login"}
{"level":"debug","ts":"2026-08-21T11:41:30.940+0700","caller":"cache/redis_cache.go:98","msg":"Successfully cached data","cacheKey":"auth:login:hurl.banner.1787287284@example.com","expiration":"5m0s"}
{"level":"info","ts":"2026-08-21T11:41:30.940+0700","caller":"observability/tracing_metrics.go:122","msg":"Request completed successfully"}
{"time":"2026-08-21T11:41:30+07:00","id":"qIrNirgjwwWsmEORBfzUuWHopiFNEGZq","remote_ip":"::1","host":"localhost:5000","method":"POST","uri":"/api/auth/login","status":200,"error":"","latency":147151748,"latency_human":"147.151748ms","bytes_in":84,"bytes_out":389}
{"level":"info","ts":"2026-08-21T11:41:30.941+0700","caller":"observability/tracing_metrics.go:105","msg":"Start: CreateBanner"}
{"level":"info","ts":"2026-08-21T11:41:30.944+0700","caller":"observability/tracing_metrics.go:122","msg":"Banner created successfully"}
{"time":"2026-08-21T11:41:30+07:00","id":"mfvOZqdWiPoFizlBGIMnyhbvnoefddGS","remote_ip":"::1","host":"localhost:5000","method":"POST","uri":"/api/banner-command/create","status":200,"error":"","latency":3183018,"latency_human":"3.183018ms","bytes_in":207,"bytes_out":325}
{"level":"info","ts":"2026-08-21T11:41:30.945+0700","caller":"observability/tracing_metrics.go:105","msg":"Start: FindAll"}
{"level":"info","ts":"2026-08-21T11:41:30.946+0700","caller":"observability/tracing_metrics.go:122","msg":"Serving from cache"}
{"time":"2026-08-21T11:41:30+07:00","id":"dnhshAjheOTQbkOEFfPcJSfElSAfSjUc","remote_ip":"::1","host":"localhost:5000","method":"GET","uri":"/api/banner-query?page=1&page_size=10","status":200,"error":"","latency":628246,"latency_human":"628.246µs","bytes_in":0,"bytes_out":1899}
{"level":"info","ts":"2026-08-21T11:41:30.946+0700","caller":"observability/tracing_metrics.go:105","msg":"Start: FindByActive"}
{"level":"info","ts":"2026-08-21T11:41:30.947+0700","caller":"observability/tracing_metrics.go:122","msg":"Serving from cache"}
{"time":"2026-08-21T11:41:30+07:00","id":"eNmdVYiwkRhFXIEFsrHBVhKAPvStDmlj","remote_ip":"::1","host":"localhost:5000","method":"GET","uri":"/api/banner-query/active?page=1&page_size=10","status":200,"error":"","latency":544662,"latency_human":"544.662µs","bytes_in":0,"bytes_out":1800}
{"level":"info","ts":"2026-08-21T11:41:30.947+0700","caller":"observability/tracing_metrics.go:105","msg":"Start: FindById"}
{"level":"debug","ts":"2026-08-21T11:41:30.950+0700","caller":"cache/redis_cache.go:98","msg":"Successfully cached data","cacheKey":"banner:id:11","expiration":"5m0s"}
{"level":"info","ts":"2026-08-21T11:41:30.950+0700","caller":"observability/tracing_metrics.go:122","msg":"Request completed successfully"}
{"time":"2026-08-21T11:41:30+07:00","id":"IOdAeWgKclsMRTBiCOfcNcfwWeZxiIxZ","remote_ip":"::1","host":"localhost:5000","method":"GET","uri":"/api/banner-query/11","status":200,"error":"","latency":2629030,"latency_human":"2.62903ms","bytes_in":0,"bytes_out":325}
{"level":"info","ts":"2026-08-21T11:41:30.950+0700","caller":"observability/tracing_metrics.go:105","msg":"Start: UpdateBanner"}
{"level":"info","ts":"2026-08-21T11:41:30.954+0700","caller":"observability/tracing_metrics.go:122","msg":"Banner updated successfully"}
{"time":"2026-08-21T11:41:30+07:00","id":"epPrINTGhZPuupWSZGaRTzuNPZkerxlz","remote_ip":"::1","host":"localhost:5000","method":"POST","uri":"/api/banner-command/update/11","status":200,"error":"","latency":3447566,"latency_human":"3.447566ms","bytes_in":201,"bytes_out":298}
{"level":"info","ts":"2026-08-21T11:41:30.955+0700","caller":"observability/tracing_metrics.go:105","msg":"Start: TrashBanner"}
{"level":"info","ts":"2026-08-21T11:41:30.957+0700","caller":"observability/tracing_metrics.go:122","msg":"Banner moved to trash"}
{"time":"2026-08-21T11:41:30+07:00","id":"JnaXycKrsWlyTPWbAPpZuHUANzCWeufI","remote_ip":"::1","host":"localhost:5000","method":"POST","uri":"/api/banner-command/trashed/11","status":200,"error":"","latency":2756500,"latency_human":"2.7565ms","bytes_in":0,"bytes_out":337}
{"level":"info","ts":"2026-08-21T11:41:30.958+0700","caller":"observability/tracing_metrics.go:105","msg":"Start: FindByTrashed"}
{"level":"info","ts":"2026-08-21T11:41:30.958+0700","caller":"observability/tracing_metrics.go:122","msg":"Serving from cache"}
{"time":"2026-08-21T11:41:30+07:00","id":"zizbBUUHKFRQyIWRptqyeKkpkxUAQkrj","remote_ip":"::1","host":"localhost:5000","method":"GET","uri":"/api/banner-query/trashed?page=1&page_size=10","status":200,"error":"","latency":672673,"latency_human":"672.673µs","bytes_in":0,"bytes_out":417}
{"level":"info","ts":"2026-08-21T11:41:30.959+0700","caller":"observability/tracing_metrics.go:105","msg":"Start: RestoreBanner"}
{"level":"info","ts":"2026-08-21T11:41:30.962+0700","caller":"observability/tracing_metrics.go:122","msg":"Banner restored successfully"}
{"time":"2026-08-21T11:41:30+07:00","id":"DXbXIMYDtVMXBjNzUTLMMwvtwGRKtPNb","remote_ip":"::1","host":"localhost:5000","method":"POST","uri":"/api/banner-command/restore/11","status":200,"error":"","latency":2741517,"latency_human":"2.741517ms","bytes_in":0,"bytes_out":315}
{"level":"info","ts":"2026-08-21T11:41:32.987+0700","caller":"observability/tracing_metrics.go:105","msg":"Start: register"}
{"level":"info","ts":"2026-08-21T11:41:33.140+0700","caller":"observability/tracing_metrics.go:122","msg":"Request completed successfully"}
{"time":"2026-08-21T11:41:33+07:00","id":"wLTGVkHcqqwygsWvxHhmCRlNpwcejopO","remote_ip":"::1","host":"localhost:5000","method":"POST","uri":"/api/auth/register","status":201,"error":"","latency":153469278,"latency_human":"153.469278ms","bytes_in":170,"bytes_out":245}
{"level":"info","ts":"2026-08-21T11:41:33.141+0700","caller":"observability/tracing_metrics.go:105","msg":"Start: login"}
{"level":"debug","ts":"2026-08-21T11:41:33.286+0700","caller":"cache/redis_cache.go:98","msg":"Successfully cached data","cacheKey":"auth:login:hurl.cart.1787287284@example.com","expiration":"5m0s"}
{"level":"info","ts":"2026-08-21T11:41:33.286+0700","caller":"observability/tracing_metrics.go:122","msg":"Request completed successfully"}
{"time":"2026-08-21T11:41:33+07:00","id":"zSeOJJfjujGVjvOsObPjPrcuIfQtrqDh","remote_ip":"::1","host":"localhost:5000","method":"POST","uri":"/api/auth/login","status":200,"error":"","latency":145722809,"latency_human":"145.722809ms","bytes_in":82,"bytes_out":389}
{"level":"debug","ts":"2026-08-21T11:41:33.290+0700","caller":"upload_image/upload.go:119","msg":"Successfully saved uploaded file","path":"uploads/category/1787287293290112299.png","size":70,"is_document":false}
{"time":"2026-08-21T11:41:33+07:00","id":"NfxPQmGQaiVoXJoVSiFxCCVUTGqiMkiP","remote_ip":"::1","host":"localhost:5000","method":"POST","uri":"/api/category-command/create","status":201,"error":"","latency":3334634,"latency_human":"3.334634ms","bytes_in":678,"bytes_out":328}
{"time":"2026-08-21T11:41:33+07:00","id":"bINWjjuRcdJWTXSVBwwVstHmbubdXinD","remote_ip":"::1","host":"localhost:5000","method":"POST","uri":"/api/merchant-command/create","status":201,"error":"","latency":7041254,"latency_human":"7.041254ms","bytes_in":260,"bytes_out":366}
{"level":"debug","ts":"2026-08-21T11:41:33.302+0700","caller":"upload_image/upload.go:119","msg":"Successfully saved uploaded file","path":"uploads/products/1787287293302042234.png","size":70,"is_document":false}
{"level":"info","ts":"2026-08-21T11:41:33.309+0700","caller":"cache/redis_cache.go:208","msg":"Invalidated cache keys","pattern":"product:*","count":5}
{"time":"2026-08-21T11:41:33+07:00","id":"QkWQLdxbJsZSOqAcPLDAPjGUrefeVcph","remote_ip":"::1","host":"localhost:5000","method":"POST","uri":"/api/product-command/create","status":201,"error":"","latency":8189965,"latency_human":"8.189965ms","bytes_in":1421,"bytes_out":432}
{"level":"info","ts":"2026-08-21T11:41:33.327+0700","caller":"cache/redis_cache.go:208","msg":"Invalidated cache keys","pattern":"cart:all:user:46:*","count":0}
{"time":"2026-08-21T11:41:33+07:00","id":"FkFTsIchrPURvzDpSMPyFZcetavLjXUC","remote_ip":"::1","host":"localhost:5000","method":"POST","uri":"/api/cart-command/create","status":201,"error":"","latency":17430772,"latency_human":"17.430772ms","bytes_in":62,"bytes_out":274}
{"level":"debug","ts":"2026-08-21T11:41:33.331+0700","caller":"cache/redis_cache.go:98","msg":"Successfully cached data","cacheKey":"cart:all:user:46:page:1:pageSize:10:search:","expiration":"5m0s"}
{"time":"2026-08-21T11:41:33+07:00","id":"RcpgxTzzbneHRxXfjuSoXJzupJRfQpnJ","remote_ip":"::1","host":"localhost:5000","method":"GET","uri":"/api/cart-query","status":200,"error":"","latency":2943849,"latency_human":"2.943849ms","bytes_in":0,"bytes_out":363}
{"level":"info","ts":"2026-08-21T11:41:33.336+0700","caller":"cache/redis_cache.go:208","msg":"Invalidated cache keys","pattern":"cart:all:user:46:*","count":1}
{"time":"2026-08-21T11:41:33+07:00","id":"aUMNuLQSJcuhjOgZaUefnRaejgEHUbEK","remote_ip":"::1","host":"localhost:5000","method":"DELETE","uri":"/api/cart-command/delete","status":200,"error":"","latency":4338209,"latency_human":"4.338209ms","bytes_in":39,"bytes_out":76}
{"level":"info","ts":"2026-08-21T11:41:33.343+0700","caller":"cache/redis_cache.go:208","msg":"Invalidated cache keys","pattern":"cart:all:user:46:*","count":0}
{"time":"2026-08-21T11:41:33+07:00","id":"yAKSchPlGnqoELwGPtiPrzeKSGPIFVMG","remote_ip":"::1","host":"localhost:5000","method":"POST","uri":"/api/cart-command/create","status":201,"error":"","latency":5951124,"latency_human":"5.951124ms","bytes_in":62,"bytes_out":274}
{"level":"info","ts":"2026-08-21T11:41:33.348+0700","caller":"cache/redis_cache.go:208","msg":"Invalidated cache keys","pattern":"cart:all:user:46:*","count":0}
{"time":"2026-08-21T11:41:33+07:00","id":"LMnKphTMzPqfMzsyCATuJGSZNQgyBMKE","remote_ip":"::1","host":"localhost:5000","method":"POST","uri":"/api/cart-command/delete-all","status":200,"error":"","latency":4241041,"latency_human":"4.241041ms","bytes_in":42,"bytes_out":81}
{"level":"info","ts":"2026-08-21T11:41:35.371+0700","caller":"observability/tracing_metrics.go:105","msg":"Start: register"}
{"level":"info","ts":"2026-08-21T11:41:35.523+0700","caller":"observability/tracing_metrics.go:122","msg":"Request completed successfully"}
{"time":"2026-08-21T11:41:35+07:00","id":"ZAVcXFlxZhaJbwYyCPyHtoPKzctJggqB","remote_ip":"::1","host":"localhost:5000","method":"POST","uri":"/api/auth/register","status":201,"error":"","latency":152178831,"latency_human":"152.178831ms","bytes_in":178,"bytes_out":253}
{"level":"info","ts":"2026-08-21T11:41:35.524+0700","caller":"observability/tracing_metrics.go:105","msg":"Start: login"}
{"level":"debug","ts":"2026-08-21T11:41:35.670+0700","caller":"cache/redis_cache.go:98","msg":"Successfully cached data","cacheKey":"auth:login:hurl.category.1787287284@example.com","expiration":"5m0s"}
{"level":"info","ts":"2026-08-21T11:41:35.671+0700","caller":"observability/tracing_metrics.go:122","msg":"Request completed successfully"}
{"time":"2026-08-21T11:41:35+07:00","id":"IYXjVcLPcTLUTNNwOxlxTLDdezzmhpql","remote_ip":"::1","host":"localhost:5000","method":"POST","uri":"/api/auth/login","status":200,"error":"","latency":146975723,"latency_human":"146.975723ms","bytes_in":86,"bytes_out":389}
{"level":"debug","ts":"2026-08-21T11:41:35.675+0700","caller":"upload_image/upload.go:119","msg":"Successfully saved uploaded file","path":"uploads/category/1787287295675674748.png","size":70,"is_document":false}
{"time":"2026-08-21T11:41:35+07:00","id":"zVvgmkbamNvqyiKScGtzfkzqROVvPDdX","remote_ip":"::1","host":"localhost:5000","method":"POST","uri":"/api/category-command/create","status":201,"error":"","latency":3290307,"latency_human":"3.290307ms","bytes_in":721,"bytes_out":371}
{"time":"2026-08-21T11:41:35+07:00","id":"ODfeJEWgkEFeGASBRVtcflajKlKCVFok","remote_ip":"::1","host":"localhost:5000","method":"GET","uri":"/api/category-query?page=1&page_size=10","status":200,"error":"","latency":644034,"latency_human":"644.034µs","bytes_in":0,"bytes_out":2560}
{"time":"2026-08-21T11:41:35+07:00","id":"kLViasOCPEdhwntOsapvpDjdzQklGfHS","remote_ip":"::1","host":"localhost:5000","method":"GET","uri":"/api/category-query/active?page=1&page_size=10","status":200,"error":"","latency":459640,"latency_human":"459.64µs","bytes_in":0,"bytes_out":2727}
{"level":"debug","ts":"2026-08-21T11:41:35.683+0700","caller":"cache/redis_cache.go:98","msg":"Successfully cached data","cacheKey":"category:id:22","expiration":"5m0s"}
{"time":"2026-08-21T11:41:35+07:00","id":"FfPYhToAbOeHlrlGidvzFnzMuGVTGYGN","remote_ip":"::1","host":"localhost:5000","method":"GET","uri":"/api/category-query/22","status":200,"error":"","latency":2419824,"latency_human":"2.419824ms","bytes_in":0,"bytes_out":371}
{"level":"debug","ts":"2026-08-21T11:41:35.685+0700","caller":"upload_image/upload.go:119","msg":"Successfully saved uploaded file","path":"uploads/category/1787287295684905583.png","size":70,"is_document":false}
{"time":"2026-08-21T11:41:35+07:00","id":"vadIPHoUsCocYZCaNOPHXZMTIkvnPwqP","remote_ip":"::1","host":"localhost:5000","method":"POST","uri":"/api/category-command/update/22","status":200,"error":"","latency":4497284,"latency_human":"4.497284ms","bytes_in":700,"bytes_out":350}
{"time":"2026-08-21T11:41:35+07:00","id":"fXKuERKStSyHYocaNWNNhdoQNWbikQsc","remote_ip":"::1","host":"localhost:5000","method":"POST","uri":"/api/category-command/trashed/22","status":200,"error":"","latency":3342134,"latency_human":"3.342134ms","bytes_in":0,"bytes_out":376}
{"time":"2026-08-21T11:41:35+07:00","id":"kOwtscFJJSsVPwbfxrEkmGdoCQLQnLmE","remote_ip":"::1","host":"localhost:5000","method":"GET","uri":"/api/category-query/trashed?page=1&page_size=10","status":200,"error":"","latency":621712,"latency_human":"621.712µs","bytes_in":0,"bytes_out":469}
{"time":"2026-08-21T11:41:35+07:00","id":"aFqvUNAjUFOtYZeRwuLdnNJxCsmydnTB","remote_ip":"::1","host":"localhost:5000","method":"POST","uri":"/api/category-command/restore/22","status":200,"error":"","latency":2723917,"latency_human":"2.723917ms","bytes_in":0,"bytes_out":367}
{"time":"2026-08-21T11:41:35+07:00","id":"EeVjmTfgJlIEYsGpibMDDstEgWSMrnZM","remote_ip":"::1","host":"localhost:5000","method":"POST","uri":"/api/category-command/trashed/22","status":200,"error":"","latency":2400454,"latency_human":"2.400454ms","bytes_in":0,"bytes_out":376}
{"time":"2026-08-21T11:41:35+07:00","id":"cMxLnYLGPZSKFEavyiDoHNgSxHfgEJPq","remote_ip":"::1","host":"localhost:5000","method":"DELETE","uri":"/api/category-command/permanent/22","status":200,"error":"","latency":4032226,"latency_human":"4.032226ms","bytes_in":0,"bytes_out":75}
2026/08/21 11:41:36 exporter export timeout: rpc error: code = Unavailable desc = connection error: desc = "transport: Error while dialing: dial tcp 127.0.0.1:4317: connect: connection refused"
{"level":"info","ts":"2026-08-21T11:41:37.732+0700","caller":"observability/tracing_metrics.go:105","msg":"Start: register"}
{"level":"info","ts":"2026-08-21T11:41:37.887+0700","caller":"observability/tracing_metrics.go:122","msg":"Request completed successfully"}
{"time":"2026-08-21T11:41:37+07:00","id":"cOvrrjyeAWkJEGSndBgamTKBGDgpeaee","remote_ip":"::1","host":"localhost:5000","method":"POST","uri":"/api/auth/register","status":201,"error":"","latency":155428221,"latency_human":"155.428221ms","bytes_in":178,"bytes_out":253}
{"level":"info","ts":"2026-08-21T11:41:37.888+0700","caller":"observability/tracing_metrics.go:105","msg":"Start: login"}
{"level":"debug","ts":"2026-08-21T11:41:38.034+0700","caller":"cache/redis_cache.go:98","msg":"Successfully cached data","cacheKey":"auth:login:hurl.merchant.1787287284@example.com","expiration":"5m0s"}
{"level":"info","ts":"2026-08-21T11:41:38.034+0700","caller":"observability/tracing_metrics.go:122","msg":"Request completed successfully"}
{"time":"2026-08-21T11:41:38+07:00","id":"adTolpWIXvuKUvRahyYlLGvGFMBdalPR","remote_ip":"::1","host":"localhost:5000","method":"POST","uri":"/api/auth/login","status":200,"error":"","latency":146530608,"latency_human":"146.530608ms","bytes_in":86,"bytes_out":389}
{"time":"2026-08-21T11:41:38+07:00","id":"pFBfEZKFDOYgXCZxMIfbNaDUNsLlxrHE","remote_ip":"::1","host":"localhost:5000","method":"POST","uri":"/api/merchant-command/create","status":201,"error":"","latency":5763781,"latency_human":"5.763781ms","bytes_in":310,"bytes_out":416}
{"time":"2026-08-21T11:41:38+07:00","id":"xfGmAZpRBktIIoZsHowVulCTgFGZmlGP","remote_ip":"::1","host":"localhost:5000","method":"GET","uri":"/api/merchant-query?page=1&page_size=10","status":200,"error":"","latency":683097,"latency_human":"683.097µs","bytes_in":0,"bytes_out":3230}
{"time":"2026-08-21T11:41:38+07:00","id":"oyJsTbvusPEjylxdqMuDuteKHFtYJMiN","remote_ip":"::1","host":"localhost:5000","method":"GET","uri":"/api/merchant-query/active?page=1&page_size=10","status":200,"error":"","latency":612994,"latency_human":"612.994µs","bytes_in":0,"bytes_out":3397}
{"level":"debug","ts":"2026-08-21T11:41:38.047+0700","caller":"cache/redis_cache.go:98","msg":"Successfully cached data","cacheKey":"merchant:id:22","expiration":"5m0s"}
{"time":"2026-08-21T11:41:38+07:00","id":"pvxncHtrdgXBYJTmENagqrZIFSCjfnLK","remote_ip":"::1","host":"localhost:5000","method":"GET","uri":"/api/merchant-query/22","status":200,"error":"","latency":2544933,"latency_human":"2.544933ms","bytes_in":0,"bytes_out":416}
{"time":"2026-08-21T11:41:38+07:00","id":"kMVsJaedDwPRGLUTNjZewnYcpjvDPrHF","remote_ip":"::1","host":"localhost:5000","method":"POST","uri":"/api/merchant-command/update/22","status":200,"error":"","latency":3043757,"latency_human":"3.043757ms","bytes_in":282,"bytes_out":388}
{"time":"2026-08-21T11:41:38+07:00","id":"synayjgsNctWcpeOxYrTgvzqPYQZVZTj","remote_ip":"::1","host":"localhost:5000","method":"POST","uri":"/api/merchant-command/trashed/22","status":200,"error":"","latency":2729586,"latency_human":"2.729586ms","bytes_in":0,"bytes_out":423}
{"time":"2026-08-21T11:41:38+07:00","id":"jPPYtOZnHpqYbCAlURnHEenKdWBYGTmq","remote_ip":"::1","host":"localhost:5000","method":"GET","uri":"/api/merchant-query/trashed?page=1&page_size=10","status":200,"error":"","latency":387122,"latency_human":"387.122µs","bytes_in":0,"bytes_out":515}
{"time":"2026-08-21T11:41:38+07:00","id":"OlrHiFDTGGPrnJicnoTWtCCxMmQWRSfi","remote_ip":"::1","host":"localhost:5000","method":"POST","uri":"/api/merchant-command/restore/22","status":200,"error":"","latency":2823674,"latency_human":"2.823674ms","bytes_in":0,"bytes_out":389}
{"level":"info","ts":"2026-08-21T11:41:40.084+0700","caller":"observability/tracing_metrics.go:105","msg":"Start: register"}
{"level":"info","ts":"2026-08-21T11:41:40.237+0700","caller":"observability/tracing_metrics.go:122","msg":"Request completed successfully"}
{"time":"2026-08-21T11:41:40+07:00","id":"papzLoBYLadbmXzhmDMACnGVeAEIWpPq","remote_ip":"::1","host":"localhost:5000","method":"POST","uri":"/api/auth/register","status":201,"error":"","latency":153743466,"latency_human":"153.743466ms","bytes_in":172,"bytes_out":247}
{"level":"info","ts":"2026-08-21T11:41:40.238+0700","caller":"observability/tracing_metrics.go:105","msg":"Start: login"}
{"level":"debug","ts":"2026-08-21T11:41:40.385+0700","caller":"cache/redis_cache.go:98","msg":"Successfully cached data","cacheKey":"auth:login:hurl.order.1787287284@example.com","expiration":"5m0s"}
{"level":"info","ts":"2026-08-21T11:41:40.385+0700","caller":"observability/tracing_metrics.go:122","msg":"Request completed successfully"}
{"time":"2026-08-21T11:41:40+07:00","id":"fsnhixXmpCJFisORIqdxPWshNykDPWZi","remote_ip":"::1","host":"localhost:5000","method":"POST","uri":"/api/auth/login","status":200,"error":"","latency":147324085,"latency_human":"147.324085ms","bytes_in":83,"bytes_out":389}
{"level":"debug","ts":"2026-08-21T11:41:40.389+0700","caller":"upload_image/upload.go:119","msg":"Successfully saved uploaded file","path":"uploads/category/1787287300389790427.png","size":70,"is_document":false}
{"time":"2026-08-21T11:41:40+07:00","id":"ZKoqreZfOpIQzWvIPlGansabQTAmdVFa","remote_ip":"::1","host":"localhost:5000","method":"POST","uri":"/api/category-command/create","status":201,"error":"","latency":3727622,"latency_human":"3.727622ms","bytes_in":682,"bytes_out":332}
{"time":"2026-08-21T11:41:40+07:00","id":"etzjGszULKHfoVaKrquWRPSmlMFbeXFs","remote_ip":"::1","host":"localhost:5000","method":"POST","uri":"/api/merchant-command/create","status":201,"error":"","latency":5765673,"latency_human":"5.765673ms","bytes_in":262,"bytes_out":368}
{"level":"debug","ts":"2026-08-21T11:41:40.401+0700","caller":"upload_image/upload.go:119","msg":"Successfully saved uploaded file","path":"uploads/products/1787287300400909082.png","size":70,"is_document":false}
{"level":"info","ts":"2026-08-21T11:41:40.409+0700","caller":"cache/redis_cache.go:208","msg":"Invalidated cache keys","pattern":"product:*","count":0}
{"time":"2026-08-21T11:41:40+07:00","id":"KIbqHrlaBuLEXNPDviSsryMzQnnLBnEt","remote_ip":"::1","host":"localhost:5000","method":"POST","uri":"/api/product-command/create","status":201,"error":"","latency":8993873,"latency_human":"8.993873ms","bytes_in":1425,"bytes_out":435}
{"time":"2026-08-21T11:41:40+07:00","id":"AbODJiCkPxgTrcmMzMZYwucrkuKyAheQ","remote_ip":"::1","host":"localhost:5000","method":"POST","uri":"/api/order-command/create","status":200,"error":"","latency":19599422,"latency_human":"19.599422ms","bytes_in":467,"bytes_out":205}
{"time":"2026-08-21T11:41:40+07:00","id":"mlsvQkrbseOnyJDxerZAVdmhhbrzTevy","remote_ip":"::1","host":"localhost:5000","method":"GET","uri":"/api/order-query?page=1&page_size=10","status":200,"error":"","latency":473701,"latency_human":"473.701µs","bytes_in":0,"bytes_out":1514}
{"level":"debug","ts":"2026-08-21T11:41:40.433+0700","caller":"cache/redis_cache.go:98","msg":"Successfully cached data","cacheKey":"order:id:13","expiration":"5m0s"}
{"time":"2026-08-21T11:41:40+07:00","id":"ZvRPuyapQOxzrJyWFloyrDqKJgxBcxKN","remote_ip":"::1","host":"localhost:5000","method":"GET","uri":"/api/order-query/13","status":200,"error":"","latency":2503779,"latency_human":"2.503779ms","bytes_in":0,"bytes_out":205}
{"time":"2026-08-21T11:41:40+07:00","id":"bdAAykRxAEtiXXBkwxslHcwHcJizKxUi","remote_ip":"::1","host":"localhost:5000","method":"GET","uri":"/api/order-query/active?page=1&page_size=10","status":200,"error":"","latency":454372,"latency_human":"454.372µs","bytes_in":0,"bytes_out":1681}
{"level":"debug","ts":"2026-08-21T11:41:40.438+0700","caller":"cache/redis_cache.go:98","msg":"Successfully cached data","cacheKey":"order_item:order:13","expiration":"5m0s"}
{"time":"2026-08-21T11:41:40+07:00","id":"QeGuLzioQTUfAixkybneQSCcBFZayMvh","remote_ip":"::1","host":"localhost:5000","method":"GET","uri":"/api/order-item/order/13","status":200,"error":"","latency":3456773,"latency_human":"3.456773ms","bytes_in":0,"bytes_out":229}
{"level":"info","ts":"2026-08-21T11:41:40.446+0700","caller":"cache/redis_cache.go:208","msg":"Invalidated cache keys","pattern":"order:*","count":4}
{"time":"2026-08-21T11:41:40+07:00","id":"ztnQrjnOinhUffJGJQnpCsmxrmAydmhg","remote_ip":"::1","host":"localhost:5000","method":"POST","uri":"/api/order-command/trashed/13","status":200,"error":"","latency":7638799,"latency_human":"7.638799ms","bytes_in":0,"bytes_out":244}
{"level":"info","ts":"2026-08-21T11:41:40.454+0700","caller":"cache/redis_cache.go:208","msg":"Invalidated cache keys","pattern":"order:*","count":0}
{"time":"2026-08-21T11:41:40+07:00","id":"lDiTigrdLjHpAtMXPAHCyIRdNjJEZeue","remote_ip":"::1","host":"localhost:5000","method":"POST","uri":"/api/order-command/restore/13","status":200,"error":"","latency":7343011,"latency_human":"7.343011ms","bytes_in":0,"bytes_out":222}
{"level":"info","ts":"2026-08-21T11:41:42.478+0700","caller":"observability/tracing_metrics.go:105","msg":"Start: register"}
{"level":"info","ts":"2026-08-21T11:41:42.629+0700","caller":"observability/tracing_metrics.go:122","msg":"Request completed successfully"}
{"time":"2026-08-21T11:41:42+07:00","id":"cZZnuQDLfIsZPDNKkjiHnlosNHfbjECX","remote_ip":"::1","host":"localhost:5000","method":"POST","uri":"/api/auth/register","status":201,"error":"","latency":151394139,"latency_human":"151.394139ms","bytes_in":176,"bytes_out":251}
{"level":"info","ts":"2026-08-21T11:41:42.630+0700","caller":"observability/tracing_metrics.go:105","msg":"Start: login"}
{"level":"debug","ts":"2026-08-21T11:41:42.775+0700","caller":"cache/redis_cache.go:98","msg":"Successfully cached data","cacheKey":"auth:login:hurl.product.1787287284@example.com","expiration":"5m0s"}
{"level":"info","ts":"2026-08-21T11:41:42.775+0700","caller":"observability/tracing_metrics.go:122","msg":"Request completed successfully"}
{"time":"2026-08-21T11:41:42+07:00","id":"WRtTbgvLFTdsGRhSgNMMJObniiVoTwYH","remote_ip":"::1","host":"localhost:5000","method":"POST","uri":"/api/auth/login","status":200,"error":"","latency":145014883,"latency_human":"145.014883ms","bytes_in":85,"bytes_out":389}
{"level":"debug","ts":"2026-08-21T11:41:42.779+0700","caller":"upload_image/upload.go:119","msg":"Successfully saved uploaded file","path":"uploads/category/1787287302778868961.png","size":70,"is_document":false}
{"time":"2026-08-21T11:41:42+07:00","id":"MDJjWYJHxwhClrFWgIqGSEABpkRGVaGe","remote_ip":"::1","host":"localhost:5000","method":"POST","uri":"/api/category-command/create","status":201,"error":"","latency":3072762,"latency_human":"3.072762ms","bytes_in":690,"bytes_out":340}
{"time":"2026-08-21T11:41:42+07:00","id":"lfpmBWHlOuFrOBTpDINPTdOZiyEnAfIw","remote_ip":"::1","host":"localhost:5000","method":"POST","uri":"/api/merchant-command/create","status":201,"error":"","latency":6409208,"latency_human":"6.409208ms","bytes_in":266,"bytes_out":372}
{"level":"debug","ts":"2026-08-21T11:41:42.789+0700","caller":"upload_image/upload.go:119","msg":"Successfully saved uploaded file","path":"uploads/products/1787287302789755342.png","size":70,"is_document":false}
{"level":"info","ts":"2026-08-21T11:41:42.796+0700","caller":"cache/redis_cache.go:208","msg":"Invalidated cache keys","pattern":"product:*","count":0}
{"time":"2026-08-21T11:41:42+07:00","id":"vWfahzVhHVgVlhDAQKfnzzCtXDrPKtWE","remote_ip":"::1","host":"localhost:5000","method":"POST","uri":"/api/product-command/create","status":201,"error":"","latency":7300301,"latency_human":"7.300301ms","bytes_in":1464,"bytes_out":509}
{"level":"debug","ts":"2026-08-21T11:41:42.801+0700","caller":"cache/redis_cache.go:98","msg":"Successfully cached data","cacheKey":"product:all:page:1:pageSize:10:search:","expiration":"5m0s"}
{"time":"2026-08-21T11:41:42+07:00","id":"dphOmYhLOhIeQVyOvHUBYKkvoVTXxbwv","remote_ip":"::1","host":"localhost:5000","method":"GET","uri":"/api/product-query?page=1&page_size=10","status":200,"error":"","latency":3835507,"latency_human":"3.835507ms","bytes_in":0,"bytes_out":3908}
{"level":"debug","ts":"2026-08-21T11:41:42.806+0700","caller":"cache/redis_cache.go:98","msg":"Successfully cached data","cacheKey":"product:active:page:1:pageSize:10:search:","expiration":"5m0s"}
{"time":"2026-08-21T11:41:42+07:00","id":"VPruqgPxVnoxvJKkGZPNTXDKTyfXqaLU","remote_ip":"::1","host":"localhost:5000","method":"GET","uri":"/api/product-query/active?page=1&page_size=10","status":200,"error":"","latency":4488049,"latency_human":"4.488049ms","bytes_in":0,"bytes_out":4075}
{"level":"debug","ts":"2026-08-21T11:41:42.809+0700","caller":"cache/redis_cache.go:98","msg":"Successfully cached data","cacheKey":"product:id:21","expiration":"5m0s"}
{"time":"2026-08-21T11:41:42+07:00","id":"rqqbWHejGtxhswkZOKGOYNNojIWywpRq","remote_ip":"::1","host":"localhost:5000","method":"GET","uri":"/api/product-query/21","status":200,"error":"","latency":3043308,"latency_human":"3.043308ms","bytes_in":0,"bytes_out":509}
{"level":"debug","ts":"2026-08-21T11:41:42.814+0700","caller":"cache/redis_cache.go:98","msg":"Successfully cached data","cacheKey":"product:merchant:24:page:1:pageSize:10:search:","expiration":"5m0s"}
{"time":"2026-08-21T11:41:42+07:00","id":"uNngABGYfMDLTxqDHcVmTppPXDMntjvc","remote_ip":"::1","host":"localhost:5000","method":"GET","uri":"/api/product-query/merchant/24?page=1&page_size=10","status":200,"error":"","latency":3773374,"latency_human":"3.773374ms","bytes_in":0,"bytes_out":602}
{"level":"debug","ts":"2026-08-21T11:41:42.815+0700","caller":"upload_image/upload.go:119","msg":"Successfully saved uploaded file","path":"uploads/products/1787287302815572493.png","size":70,"is_document":false}
{"level":"info","ts":"2026-08-21T11:41:42.821+0700","caller":"cache/redis_cache.go:208","msg":"Invalidated cache keys","pattern":"product:*","count":4}
{"time":"2026-08-21T11:41:42+07:00","id":"WZJbxorihWcPrwCLOgQMTNGUDBkOorYE","remote_ip":"::1","host":"localhost:5000","method":"POST","uri":"/api/product-command/update/21","status":200,"error":"","latency":6676421,"latency_human":"6.676421ms","bytes_in":1443,"bytes_out":451}
{"level":"info","ts":"2026-08-21T11:41:42.825+0700","caller":"cache/redis_cache.go:208","msg":"Invalidated cache keys","pattern":"product:*","count":0}
{"time":"2026-08-21T11:41:42+07:00","id":"vOUbKGygKHntkawvANwngGmDRPrKQXiz","remote_ip":"::1","host":"localhost:5000","method":"POST","uri":"/api/product-command/trashed/21","status":200,"error":"","latency":2879877,"latency_human":"2.879877ms","bytes_in":0,"bytes_out":467}
{"level":"debug","ts":"2026-08-21T11:41:42.828+0700","caller":"cache/redis_cache.go:98","msg":"Successfully cached data","cacheKey":"product:trashed:page:1:pageSize:10:search:","expiration":"5m0s"}
{"time":"2026-08-21T11:41:42+07:00","id":"ejSgnloaxmhErvUJpqXyzVybzWmNKcjy","remote_ip":"::1","host":"localhost:5000","method":"GET","uri":"/api/product-query/trashed?page=1&page_size=10","status":200,"error":"","latency":3069842,"latency_human":"3.069842ms","bytes_in":0,"bytes_out":987}
{"level":"info","ts":"2026-08-21T11:41:42.832+0700","caller":"cache/redis_cache.go:208","msg":"Invalidated cache keys","pattern":"product:*","count":1}
{"time":"2026-08-21T11:41:42+07:00","id":"iVabozrZTARxIcUuswRidDgctfwsmhdp","remote_ip":"::1","host":"localhost:5000","method":"POST","uri":"/api/product-command/restore/21","status":200,"error":"","latency":3454361,"latency_human":"3.454361ms","bytes_in":0,"bytes_out":468}
2026/08/21 11:41:43 traces export: exporter export timeout: rpc error: code = Unavailable desc = connection error: desc = "transport: Error while dialing: dial tcp 127.0.0.1:4317: connect: connection refused"
{"level":"info","ts":"2026-08-21T11:41:43.050+0700","caller":"apps/client.go:180","msg":"Cache statistics","ref_count":0,"total_keys":302,"hit_rate":85.69332355099047,"memory_used":"1.9 MB","high_ref_count":false}
{"level":"info","ts":"2026-08-21T11:41:44.857+0700","caller":"observability/tracing_metrics.go:105","msg":"Start: register"}
{"level":"info","ts":"2026-08-21T11:41:45.009+0700","caller":"observability/tracing_metrics.go:122","msg":"Request completed successfully"}
{"time":"2026-08-21T11:41:45+07:00","id":"wUJUcNXULajOWynJDIyRLaegzfGWIYtF","remote_ip":"::1","host":"localhost:5000","method":"POST","uri":"/api/auth/register","status":201,"error":"","latency":151916828,"latency_human":"151.916828ms","bytes_in":174,"bytes_out":249}
{"level":"info","ts":"2026-08-21T11:41:45.010+0700","caller":"observability/tracing_metrics.go:105","msg":"Start: login"}
{"level":"debug","ts":"2026-08-21T11:41:45.156+0700","caller":"cache/redis_cache.go:98","msg":"Successfully cached data","cacheKey":"auth:login:hurl.review.1787287284@example.com","expiration":"5m0s"}
{"level":"info","ts":"2026-08-21T11:41:45.156+0700","caller":"observability/tracing_metrics.go:122","msg":"Request completed successfully"}
{"time":"2026-08-21T11:41:45+07:00","id":"CzaPheMOhMNynNekDoNMPNIWCVfSWePx","remote_ip":"::1","host":"localhost:5000","method":"POST","uri":"/api/auth/login","status":200,"error":"","latency":146108964,"latency_human":"146.108964ms","bytes_in":84,"bytes_out":389}
{"level":"debug","ts":"2026-08-21T11:41:45.160+0700","caller":"upload_image/upload.go:119","msg":"Successfully saved uploaded file","path":"uploads/category/1787287305160412777.png","size":70,"is_document":false}
{"time":"2026-08-21T11:41:45+07:00","id":"rfzftzcHVQgiWXHOxRslImkFsUdNNakO","remote_ip":"::1","host":"localhost:5000","method":"POST","uri":"/api/category-command/create","status":201,"error":"","latency":3114259,"latency_human":"3.114259ms","bytes_in":686,"bytes_out":336}
{"time":"2026-08-21T11:41:45+07:00","id":"sXDzBbDKddYJkGJoilFhblNUJeWPHSEZ","remote_ip":"::1","host":"localhost:5000","method":"POST","uri":"/api/merchant-command/create","status":201,"error":"","latency":5570761,"latency_human":"5.570761ms","bytes_in":265,"bytes_out":371}
{"level":"debug","ts":"2026-08-21T11:41:45.171+0700","caller":"upload_image/upload.go:119","msg":"Successfully saved uploaded file","path":"uploads/products/1787287305170777631.png","size":70,"is_document":false}
{"level":"info","ts":"2026-08-21T11:41:45.178+0700","caller":"cache/redis_cache.go:208","msg":"Invalidated cache keys","pattern":"product:*","count":0}
{"time":"2026-08-21T11:41:45+07:00","id":"jNaBHbSIxtEVHCxDZjMaeujRYTuxWffs","remote_ip":"::1","host":"localhost:5000","method":"POST","uri":"/api/product-command/create","status":201,"error":"","latency":8011876,"latency_human":"8.011876ms","bytes_in":1429,"bytes_out":438}
{"level":"info","ts":"2026-08-21T11:41:45.179+0700","caller":"observability/tracing_metrics.go:105","msg":"Start: CreateReview"}
{"level":"info","ts":"2026-08-21T11:41:45.186+0700","caller":"observability/tracing_metrics.go:122","msg":"Successfully created review"}
{"time":"2026-08-21T11:41:45+07:00","id":"ZUPMlhehbnNpNLaXkuQtdYoEjRdUGpMC","remote_ip":"::1","host":"localhost:5000","method":"POST","uri":"/api/review-command/create","status":201,"error":"","latency":7988797,"latency_human":"7.988797ms","bytes_in":99,"bytes_out":213}
{"time":"2026-08-21T11:41:45+07:00","id":"pSppWmpVPmNMCJFOuuhUVcSMDSgtQZWg","remote_ip":"::1","host":"localhost:5000","method":"GET","uri":"/api/review-query?page=1&page_size=10","status":200,"error":"","latency":607971,"latency_human":"607.971µs","bytes_in":0,"bytes_out":1457}
{"level":"info","ts":"2026-08-21T11:41:45.188+0700","caller":"observability/tracing_metrics.go:105","msg":"Start: FindByProductReviews"}
{"level":"info","ts":"2026-08-21T11:41:45.191+0700","caller":"observability/tracing_metrics.go:122","msg":"Successfully retrieved reviews for product"}
{"time":"2026-08-21T11:41:45+07:00","id":"rXiLkvNvkfsUZuqJhVyQUjYQwOKZKPwk","remote_ip":"::1","host":"localhost:5000","method":"GET","uri":"/api/review-query/product/22?page=1&page_size=10","status":200,"error":"","latency":2801590,"latency_human":"2.80159ms","bytes_in":0,"bytes_out":162}
{"level":"info","ts":"2026-08-21T11:41:45.192+0700","caller":"observability/tracing_metrics.go:105","msg":"Start: FindByMerchantReviews"}
{"level":"debug","ts":"2026-08-21T11:41:45.197+0700","caller":"cache/redis_cache.go:98","msg":"Successfully cached data","cacheKey":"review:merchant:25:page:1:pageSize:10:search:","expiration":"5m0s"}
{"level":"info","ts":"2026-08-21T11:41:45.197+0700","caller":"observability/tracing_metrics.go:122","msg":"Successfully retrieved reviews for merchant"}
{"time":"2026-08-21T11:41:45+07:00","id":"MwXYsJPMOdEThmuvdKROWnUbWwBhUZmO","remote_ip":"::1","host":"localhost:5000","method":"GET","uri":"/api/review-query/merchant/25?page=1&page_size=10","status":200,"error":"","latency":4953267,"latency_human":"4.953267ms","bytes_in":0,"bytes_out":163}
{"level":"info","ts":"2026-08-21T11:41:45.198+0700","caller":"observability/tracing_metrics.go:105","msg":"Start: UpdateReview"}
{"level":"info","ts":"2026-08-21T11:41:45.202+0700","caller":"observability/tracing_metrics.go:122","msg":"Successfully updated review"}
{"time":"2026-08-21T11:41:45+07:00","id":"TkiRiLIDJgGfPAKWEUVHBunyFQtDJwAF","remote_ip":"::1","host":"localhost:5000","method":"POST","uri":"/api/review-command/update/11","status":200,"error":"","latency":4185633,"latency_human":"4.185633ms","bytes_in":96,"bytes_out":210}
{"level":"info","ts":"2026-08-21T11:41:45.202+0700","caller":"observability/tracing_metrics.go:105","msg":"Start: TrashedReview"}
{"level":"info","ts":"2026-08-21T11:41:45.206+0700","caller":"observability/tracing_metrics.go:122","msg":"Successfully moved review to trash"}
{"time":"2026-08-21T11:41:45+07:00","id":"QXOAWoSkYhcLkPUkUUWesiisIxsjWKhd","remote_ip":"::1","host":"localhost:5000","method":"POST","uri":"/api/review-command/trashed/11","status":200,"error":"","latency":3961203,"latency_human":"3.961203ms","bytes_in":0,"bytes_out":236}
{"time":"2026-08-21T11:41:45+07:00","id":"sGHVUytrNZHXWhJBFqzVqisyGIvmkVHO","remote_ip":"::1","host":"localhost:5000","method":"GET","uri":"/api/review-query/trashed?page=1&page_size=10","status":200,"error":"","latency":514355,"latency_human":"514.355µs","bytes_in":0,"bytes_out":327}
{"level":"info","ts":"2026-08-21T11:41:45.208+0700","caller":"observability/tracing_metrics.go:105","msg":"Start: RestoreReview"}
{"level":"info","ts":"2026-08-21T11:41:45.212+0700","caller":"observability/tracing_metrics.go:122","msg":"Successfully restored review"}
{"time":"2026-08-21T11:41:45+07:00","id":"lHhpPGiarlMrIVwKhtNOBVrgMVQVDEbb","remote_ip":"::1","host":"localhost:5000","method":"POST","uri":"/api/review-command/restore/11","status":200,"error":"","latency":4402430,"latency_human":"4.40243ms","bytes_in":0,"bytes_out":227}
2026/08/21 11:41:46 exporter export timeout: rpc error: code = Unavailable desc = connection error: desc = "transport: Error while dialing: dial tcp 127.0.0.1:4317: connect: connection refused"
{"time":"2026-08-21T11:41:47+07:00","id":"ffHpbNkUEnbCsZvcHdzMUZxnAmGKeuTK","remote_ip":"::1","host":"localhost:5000","method":"GET","uri":"/api/role-query?page=1&page_size=10","status":401,"error":"code=401, message=Unauthorized","latency":79387,"latency_human":"79.387µs","bytes_in":0,"bytes_out":27}
{"level":"info","ts":"2026-08-21T11:41:47.238+0700","caller":"observability/tracing_metrics.go:105","msg":"Start: register"}
{"level":"info","ts":"2026-08-21T11:41:47.390+0700","caller":"observability/tracing_metrics.go:122","msg":"Request completed successfully"}
{"time":"2026-08-21T11:41:47+07:00","id":"URZreYPGvwBrcrfewzikTdFsNKoaAOCh","remote_ip":"::1","host":"localhost:5000","method":"POST","uri":"/api/auth/register","status":201,"error":"","latency":152759232,"latency_human":"152.759232ms","bytes_in":168,"bytes_out":243}
{"level":"info","ts":"2026-08-21T11:41:47.391+0700","caller":"observability/tracing_metrics.go:105","msg":"Start: login"}
{"level":"debug","ts":"2026-08-21T11:41:47.537+0700","caller":"cache/redis_cache.go:98","msg":"Successfully cached data","cacheKey":"auth:login:admin.1787287284@example.com","expiration":"5m0s"}
{"level":"info","ts":"2026-08-21T11:41:47.537+0700","caller":"observability/tracing_metrics.go:122","msg":"Request completed successfully"}
{"time":"2026-08-21T11:41:47+07:00","id":"jPMDrzDkFitForDOAZXCpjEIhHhiHzNh","remote_ip":"::1","host":"localhost:5000","method":"POST","uri":"/api/auth/login","status":200,"error":"","latency":145981753,"latency_human":"145.981753ms","bytes_in":78,"bytes_out":389}
{"level":"debug","ts":"2026-08-21T11:41:47.540+0700","caller":"cache/redis_cache.go:98","msg":"Successfully cached data","cacheKey":"user_roles:52","expiration":"5m0s"}
{"time":"2026-08-21T11:41:47+07:00","id":"zZQQvzGRACaMdsCHkMGqVCQKlkebFxUN","remote_ip":"::1","host":"localhost:5000","method":"GET","uri":"/api/role-query?page=1&page_size=10","status":200,"error":"","latency":3037377,"latency_human":"3.037377ms","bytes_in":0,"bytes_out":785}
{"time":"2026-08-21T11:41:47+07:00","id":"uXTqTENJBIUBQzwnlFiEUYfbKMkOzuUD","remote_ip":"::1","host":"localhost:5000","method":"GET","uri":"/api/role-query/active?page=1&page_size=10","status":200,"error":"","latency":940769,"latency_human":"940.769µs","bytes_in":0,"bytes_out":881}
{"time":"2026-08-21T11:41:47+07:00","id":"SnqrDWEnGTcajVMWjlkZocMHiryVVXLq","remote_ip":"::1","host":"localhost:5000","method":"GET","uri":"/api/role-query/trashed?page=1&page_size=10","status":200,"error":"","latency":544981,"latency_human":"544.981µs","bytes_in":0,"bytes_out":161}
{"time":"2026-08-21T11:41:47+07:00","id":"EXLQNnQGXdbGtWpgoiNVeSBkICsOvFPW","remote_ip":"::1","host":"localhost:5000","method":"GET","uri":"/api/role-query/3","status":200,"error":"","latency":480480,"latency_human":"480.48µs","bytes_in":0,"bytes_out":170}
{"time":"2026-08-21T11:41:47+07:00","id":"LbJAqIrrYKVXgGHdxUfuUOTvNAWOfFtT","remote_ip":"::1","host":"localhost:5000","method":"GET","uri":"/api/role-query/user/4","status":200,"error":"","latency":449828,"latency_human":"449.828µs","bytes_in":0,"bytes_out":183}
{"level":"info","ts":"2026-08-21T11:41:47.546+0700","caller":"observability/tracing_metrics.go:105","msg":"Start: login"}
{"level":"debug","ts":"2026-08-21T11:41:47.546+0700","caller":"auth/handler.go:152","msg":"Returning login response from cache","email":"user_e34c6d86-8ef3-4f07-92f8-3062179a0925@example.com"}
{"level":"info","ts":"2026-08-21T11:41:47.546+0700","caller":"observability/tracing_metrics.go:122","msg":"Request completed successfully"}
{"time":"2026-08-21T11:41:47+07:00","id":"mSNMNTYoCykzBwjBbTaZrFzsTssnZgNi","remote_ip":"::1","host":"localhost:5000","method":"POST","uri":"/api/auth/login","status":200,"error":"","latency":621832,"latency_human":"621.832µs","bytes_in":101,"bytes_out":386}
{"level":"debug","ts":"2026-08-21T11:41:47.548+0700","caller":"middlewares/role_grpc.go:58","msg":"Role validation failed (no roles)","user_id":1}
{"time":"2026-08-21T11:41:47+07:00","id":"oYVIcawTlobbNQhmeAAcHTadLTZhLnQa","remote_ip":"::1","host":"localhost:5000","method":"GET","uri":"/api/role-query?page=1&page_size=10","status":401,"error":"code=401, message=Role validation failed","latency":1865066,"latency_human":"1.865066ms","bytes_in":0,"bytes_out":37}
{"level":"info","ts":"2026-08-21T11:41:49.572+0700","caller":"observability/tracing_metrics.go:105","msg":"Start: register"}
{"level":"info","ts":"2026-08-21T11:41:49.726+0700","caller":"observability/tracing_metrics.go:122","msg":"Request completed successfully"}
{"time":"2026-08-21T11:41:49+07:00","id":"EkJLqsVdHsVNFRMepBZDUjgcjjRjKEqt","remote_ip":"::1","host":"localhost:5000","method":"POST","uri":"/api/auth/register","status":201,"error":"","latency":154100947,"latency_human":"154.100947ms","bytes_in":186,"bytes_out":261}
{"level":"info","ts":"2026-08-21T11:41:49.727+0700","caller":"observability/tracing_metrics.go:105","msg":"Start: login"}
{"level":"debug","ts":"2026-08-21T11:41:49.874+0700","caller":"cache/redis_cache.go:98","msg":"Successfully cached data","cacheKey":"auth:login:hurl.shipping_address.1787287284@example.com","expiration":"5m0s"}
{"level":"info","ts":"2026-08-21T11:41:49.874+0700","caller":"observability/tracing_metrics.go:122","msg":"Request completed successfully"}
{"time":"2026-08-21T11:41:49+07:00","id":"zmlABBJKxXzkNUuKvHTxZmcaFmiNfCap","remote_ip":"::1","host":"localhost:5000","method":"POST","uri":"/api/auth/login","status":200,"error":"","latency":147811215,"latency_human":"147.811215ms","bytes_in":94,"bytes_out":389}
{"time":"2026-08-21T11:41:49+07:00","id":"uqvXDPYmxtzAklphbqbBtZqILLKejcah","remote_ip":"::1","host":"localhost:5000","method":"GET","uri":"/api/shipping-address-query?page=1&page_size=10","status":200,"error":"","latency":699792,"latency_human":"699.792µs","bytes_in":0,"bytes_out":2162}
{"level":"debug","ts":"2026-08-21T11:41:49.880+0700","caller":"cache/redis_cache.go:98","msg":"Successfully cached data","cacheKey":"shipping_address:id:9","expiration":"5m0s"}
{"time":"2026-08-21T11:41:49+07:00","id":"FeTOJNYKyIufTYGzEFQYGNhRUqGamUnV","remote_ip":"::1","host":"localhost:5000","method":"GET","uri":"/api/shipping-address-query/9","status":200,"error":"","latency":4053664,"latency_human":"4.053664ms","bytes_in":0,"bytes_out":305}
{"time":"2026-08-21T11:41:49+07:00","id":"NaNtGaPHGNXHGuKbsZjbJXVIbXPxCITT","remote_ip":"::1","host":"localhost:5000","method":"GET","uri":"/api/shipping-address-query/active?page=1&page_size=10","status":200,"error":"","latency":612215,"latency_human":"612.215µs","bytes_in":0,"bytes_out":2331}
{"time":"2026-08-21T11:41:49+07:00","id":"rUmvDgnWxuPfqoZtbZWfOWMUcgeyCAGt","remote_ip":"::1","host":"localhost:5000","method":"POST","uri":"/api/shipping-address-command/trashed/9","status":200,"error":"","latency":3540768,"latency_human":"3.540768ms","bytes_in":0,"bytes_out":331}
{"time":"2026-08-21T11:41:49+07:00","id":"GiKyDcLuopDzufhjFeiXbZjbpjXliwOV","remote_ip":"::1","host":"localhost:5000","method":"GET","uri":"/api/shipping-address-query/trashed?page=1&page_size=10","status":200,"error":"","latency":462486,"latency_human":"462.486µs","bytes_in":0,"bytes_out":424}
{"time":"2026-08-21T11:41:49+07:00","id":"YrZWSaRhjCgXWHNQAncGUaIpNbkqOkYY","remote_ip":"::1","host":"localhost:5000","method":"POST","uri":"/api/shipping-address-command/restore/9","status":200,"error":"","latency":2636336,"latency_human":"2.636336ms","bytes_in":0,"bytes_out":322}
{"level":"info","ts":"2026-08-21T11:41:51.914+0700","caller":"observability/tracing_metrics.go:105","msg":"Start: register"}
{"level":"info","ts":"2026-08-21T11:41:52.065+0700","caller":"observability/tracing_metrics.go:122","msg":"Request completed successfully"}
{"time":"2026-08-21T11:41:52+07:00","id":"HukDSOcfPCarvJoDCWegYVWsNjcrhETe","remote_ip":"::1","host":"localhost:5000","method":"POST","uri":"/api/auth/register","status":201,"error":"","latency":151213747,"latency_human":"151.213747ms","bytes_in":174,"bytes_out":249}
{"level":"info","ts":"2026-08-21T11:41:52.065+0700","caller":"observability/tracing_metrics.go:105","msg":"Start: login"}
{"level":"debug","ts":"2026-08-21T11:41:52.212+0700","caller":"cache/redis_cache.go:98","msg":"Successfully cached data","cacheKey":"auth:login:hurl.slider.1787287284@example.com","expiration":"5m0s"}
{"level":"info","ts":"2026-08-21T11:41:52.212+0700","caller":"observability/tracing_metrics.go:122","msg":"Request completed successfully"}
{"time":"2026-08-21T11:41:52+07:00","id":"gXizowMfYCAyCEzqRUiBlmmFVWZYJZSK","remote_ip":"::1","host":"localhost:5000","method":"POST","uri":"/api/auth/login","status":200,"error":"","latency":147097582,"latency_human":"147.097582ms","bytes_in":84,"bytes_out":389}
{"level":"debug","ts":"2026-08-21T11:41:52.216+0700","caller":"upload_image/upload.go:119","msg":"Successfully saved uploaded file","path":"uploads/slider/1787287312216310776.png","size":70,"is_document":false}
{"time":"2026-08-21T11:41:52+07:00","id":"gRhecFlPcvtVpivHRFLQuUzaXXrFWVBx","remote_ip":"::1","host":"localhost:5000","method":"POST","uri":"/api/slider-command/create","status":201,"error":"","latency":3081516,"latency_human":"3.081516ms","bytes_in":427,"bytes_out":235}
{"time":"2026-08-21T11:41:52+07:00","id":"CuweJaKgfmHVumCyLfltYtdXMyKunptC","remote_ip":"::1","host":"localhost:5000","method":"GET","uri":"/api/slider-query?page=1&page_size=10","status":200,"error":"","latency":654357,"latency_human":"654.357µs","bytes_in":0,"bytes_out":1305}
{"level":"debug","ts":"2026-08-21T11:41:52.223+0700","caller":"cache/redis_cache.go:98","msg":"Successfully cached data","cacheKey":"slider:id:13","expiration":"5m0s"}
{"time":"2026-08-21T11:41:52+07:00","id":"GBGvlByhFkPhnTErwJBiijXGChUukiNW","remote_ip":"::1","host":"localhost:5000","method":"GET","uri":"/api/slider-query/13","status":200,"error":"","latency":2567406,"latency_human":"2.567406ms","bytes_in":0,"bytes_out":241}
{"time":"2026-08-21T11:41:52+07:00","id":"EnZFUgbRzboDVhFgAdkOtrMDmLLDNvhw","remote_ip":"::1","host":"localhost:5000","method":"GET","uri":"/api/slider-query/active?page=1&page_size=10","status":200,"error":"","latency":1021110,"latency_human":"1.02111ms","bytes_in":0,"bytes_out":1492}
{"level":"debug","ts":"2026-08-21T11:41:52.226+0700","caller":"upload_image/upload.go:119","msg":"Successfully saved uploaded file","path":"uploads/slider/1787287312226317102.png","size":70,"is_document":false}
{"time":"2026-08-21T11:41:52+07:00","id":"ZEhzPVudPKVRMRgHrMbfQuvurvCMrDJH","remote_ip":"::1","host":"localhost:5000","method":"POST","uri":"/api/slider-command/update/13","status":200,"error":"","latency":3780571,"latency_human":"3.780571ms","bytes_in":400,"bytes_out":208}
{"time":"2026-08-21T11:41:52+07:00","id":"csjQDsorPTVgIKLBCwZntRGHvFlVrTnp","remote_ip":"::1","host":"localhost:5000","method":"POST","uri":"/api/slider-command/trashed/13","status":200,"error":"","latency":2724862,"latency_human":"2.724862ms","bytes_in":0,"bytes_out":234}
{"time":"2026-08-21T11:41:52+07:00","id":"xqHSvmdLsJXKfhUmbCFFTIUUzLBNTkpK","remote_ip":"::1","host":"localhost:5000","method":"GET","uri":"/api/slider-query/trashed?page=1&page_size=10","status":200,"error":"","latency":310041,"latency_human":"310.041µs","bytes_in":0,"bytes_out":333}
{"time":"2026-08-21T11:41:52+07:00","id":"MQxtMFBaljmKxijBwfLjXJlLFaoCWIFz","remote_ip":"::1","host":"localhost:5000","method":"POST","uri":"/api/slider-command/restore/13","status":200,"error":"","latency":3109611,"latency_human":"3.109611ms","bytes_in":0,"bytes_out":225}
{"level":"info","ts":"2026-08-21T11:41:54.264+0700","caller":"observability/tracing_metrics.go:105","msg":"Start: register"}
{"level":"info","ts":"2026-08-21T11:41:54.414+0700","caller":"observability/tracing_metrics.go:122","msg":"Request completed successfully"}
{"time":"2026-08-21T11:41:54+07:00","id":"xYoIDLboUrUZLCgJRIVftgvClVdYdzYk","remote_ip":"::1","host":"localhost:5000","method":"POST","uri":"/api/auth/register","status":201,"error":"","latency":150911715,"latency_human":"150.911715ms","bytes_in":171,"bytes_out":256}
{"level":"info","ts":"2026-08-21T11:41:54.415+0700","caller":"observability/tracing_metrics.go:105","msg":"Start: login"}
{"level":"debug","ts":"2026-08-21T11:41:54.560+0700","caller":"cache/redis_cache.go:98","msg":"Successfully cached data","cacheKey":"auth:login:hurl.stats_strict.1787287284@example.com","expiration":"5m0s"}
{"level":"info","ts":"2026-08-21T11:41:54.560+0700","caller":"observability/tracing_metrics.go:122","msg":"Request completed successfully"}
{"time":"2026-08-21T11:41:54+07:00","id":"feajgHxBuATqsHrpLYkBPOcHzSbcxWjC","remote_ip":"::1","host":"localhost:5000","method":"POST","uri":"/api/auth/login","status":200,"error":"","latency":145471380,"latency_human":"145.47138ms","bytes_in":86,"bytes_out":389}
{"time":"2026-08-21T11:41:54+07:00","id":"ErPAlTcNDnzsgYgdvcwxuZsJmMDxzILF","remote_ip":"::1","host":"localhost:5000","method":"GET","uri":"/api/category-stats/monthly-total-pricing?year=2024&month=1","status":200,"error":"","latency":413674,"latency_human":"413.674µs","bytes_in":0,"bytes_out":184}
{"time":"2026-08-21T11:41:54+07:00","id":"qAWGnNHYQcYPAtasSjFkcsMmwcpYBOdH","remote_ip":"::1","host":"localhost:5000","method":"GET","uri":"/api/category-stats/yearly-total-pricing?year=2024","status":200,"error":"","latency":364608,"latency_human":"364.608µs","bytes_in":0,"bytes_out":156}
{"time":"2026-08-21T11:41:54+07:00","id":"RKKEMozTliEBjeINKgPIxFkftTYuABZi","remote_ip":"::1","host":"localhost:5000","method":"GET","uri":"/api/category-stats/merchant/monthly-total-pricing?year=2024&month=1&merchant_id=1","status":200,"error":"","latency":295404,"latency_human":"295.404µs","bytes_in":0,"bytes_out":184}
{"time":"2026-08-21T11:41:54+07:00","id":"qtBjtuKflWDASSTmtRatPiEFlwPxETOk","remote_ip":"::1","host":"localhost:5000","method":"GET","uri":"/api/category-stats/merchant/yearly-total-pricing?year=2024&merchant_id=1","status":200,"error":"","latency":311784,"latency_human":"311.784µs","bytes_in":0,"bytes_out":156}
{"time":"2026-08-21T11:41:54+07:00","id":"sgGaKyqNezCeCYuMgStBduXFGapTaVXz","remote_ip":"::1","host":"localhost:5000","method":"GET","uri":"/api/category-stats/mycategory/monthly-total-pricing?year=2024&month=1&category_id=1","status":200,"error":"","latency":325646,"latency_human":"325.646µs","bytes_in":0,"bytes_out":184}
{"time":"2026-08-21T11:41:54+07:00","id":"KSjsucetcVdiSrkJlqcLGOfXBMgyfbod","remote_ip":"::1","host":"localhost:5000","method":"GET","uri":"/api/category-stats/mycategory/yearly-total-pricing?year=2024&category_id=1","status":200,"error":"","latency":267516,"latency_human":"267.516µs","bytes_in":0,"bytes_out":156}
{"time":"2026-08-21T11:41:54+07:00","id":"WmiZtmoOiSxFBwiLUjziskqPvwSOvpJq","remote_ip":"::1","host":"localhost:5000","method":"GET","uri":"/api/category-stats/monthly-pricing?year=2024&month=1","status":200,"error":"","latency":337721,"latency_human":"337.721µs","bytes_in":0,"bytes_out":288}
{"time":"2026-08-21T11:41:54+07:00","id":"fsQcFXnUhrOOPSIewiTkcGAvAtqzpBfI","remote_ip":"::1","host":"localhost:5000","method":"GET","uri":"/api/category-stats/yearly-pricing?year=2024","status":200,"error":"","latency":353237,"latency_human":"353.237µs","bytes_in":0,"bytes_out":338}
{"time":"2026-08-21T11:41:54+07:00","id":"wYHvWztWCZMDsvltTbFPaBrApfvlquaw","remote_ip":"::1","host":"localhost:5000","method":"GET","uri":"/api/category-stats/merchant/monthly-pricing?year=2024&month=1&merchant_id=1","status":200,"error":"","latency":1041040,"latency_human":"1.04104ms","bytes_in":0,"bytes_out":101}
{"time":"2026-08-21T11:41:54+07:00","id":"fvZbgSZRDPWVBVtVakgvnmcgbTHfVBty","remote_ip":"::1","host":"localhost:5000","method":"GET","uri":"/api/category-stats/merchant/yearly-pricing?year=2024&merchant_id=1","status":200,"error":"","latency":402225,"latency_human":"402.225µs","bytes_in":0,"bytes_out":338}
{"time":"2026-08-21T11:41:54+07:00","id":"BQUYTDaILXUVaJKDfQOuwOJcShQvbTwk","remote_ip":"::1","host":"localhost:5000","method":"GET","uri":"/api/category-stats/mycategory/monthly-pricing?year=2024&month=1&category_id=1","status":200,"error":"","latency":473514,"latency_human":"473.514µs","bytes_in":0,"bytes_out":101}
{"time":"2026-08-21T11:41:54+07:00","id":"slgjXJvechrOoNxAxpIKygWLveJYogaJ","remote_ip":"::1","host":"localhost:5000","method":"GET","uri":"/api/category-stats/mycategory/yearly-pricing?year=2024&category_id=1","status":200,"error":"","latency":334370,"latency_human":"334.37µs","bytes_in":0,"bytes_out":338}
{"level":"debug","ts":"2026-08-21T11:41:54.577+0700","caller":"cache/redis_cache.go:98","msg":"Successfully cached data","cacheKey":"order:monthly:totalRevenue:month:1:year:2024","expiration":"5m0s"}
{"time":"2026-08-21T11:41:54+07:00","id":"rBGKvcMBzhKhzFhMOboOKYBMtGoxJFHn","remote_ip":"::1","host":"localhost:5000","method":"GET","uri":"/api/order/monthly-total-revenue?year=2024&month=1","status":200,"error":"","latency":5028393,"latency_human":"5.028393ms","bytes_in":0,"bytes_out":258}
{"level":"debug","ts":"2026-08-21T11:41:54.581+0700","caller":"cache/redis_cache.go:98","msg":"Successfully cached data","cacheKey":"order:yearly:totalRevenue:year:2024","expiration":"5m0s"}
{"time":"2026-08-21T11:41:54+07:00","id":"rMKnGTAoMdWOfcnhSoylTmjxvAcWRdjJ","remote_ip":"::1","host":"localhost:5000","method":"GET","uri":"/api/order/yearly-total-revenue?year=2024","status":200,"error":"","latency":3722153,"latency_human":"3.722153ms","bytes_in":0,"bytes_out":188}
{"level":"debug","ts":"2026-08-21T11:41:54.585+0700","caller":"cache/redis_cache.go:98","msg":"Successfully cached data","cacheKey":"order:monthly:totalRevenue:merchant:1:month:1:year:2024","expiration":"5m0s"}
{"time":"2026-08-21T11:41:54+07:00","id":"AbGZfAvqNpuygvEgNfTOxgeqmbuMEHFq","remote_ip":"::1","host":"localhost:5000","method":"GET","uri":"/api/order/merchant/monthly-total-revenue?year=2024&month=1&merchant_id=1","status":200,"error":"","latency":3969559,"latency_human":"3.969559ms","bytes_in":0,"bytes_out":258}
{"level":"debug","ts":"2026-08-21T11:41:54.591+0700","caller":"cache/redis_cache.go:98","msg":"Successfully cached data","cacheKey":"order:yearly:totalRevenue:merchant:1:year:2024","expiration":"5m0s"}
{"time":"2026-08-21T11:41:54+07:00","id":"PRrNaOMZvkCQufPoYcUkAzuyKHAvFeTf","remote_ip":"::1","host":"localhost:5000","method":"GET","uri":"/api/order/merchant/yearly-total-revenue?year=2024&merchant_id=1","status":200,"error":"","latency":4813208,"latency_human":"4.813208ms","bytes_in":0,"bytes_out":188}
{"level":"debug","ts":"2026-08-21T11:41:54.595+0700","caller":"cache/redis_cache.go:98","msg":"Successfully cached data","cacheKey":"order:monthly:order:month:2024","expiration":"5m0s"}
{"time":"2026-08-21T11:41:54+07:00","id":"nkCKgLrAVynNWMynLhfUYnwyIoqMydLs","remote_ip":"::1","host":"localhost:5000","method":"GET","uri":"/api/order/monthly-revenue?year=2024","status":200,"error":"","latency":3447998,"latency_human":"3.447998ms","bytes_in":0,"bytes_out":76}
{"level":"debug","ts":"2026-08-21T11:41:54.599+0700","caller":"cache/redis_cache.go:98","msg":"Successfully cached data","cacheKey":"order:yearly:order:year:2024","expiration":"5m0s"}
{"time":"2026-08-21T11:41:54+07:00","id":"CvLUOfqMMNKwjOamCRMqRFqnQcfYIIyb","remote_ip":"::1","host":"localhost:5000","method":"GET","uri":"/api/order/yearly-revenue?year=2024","status":200,"error":"","latency":2924021,"latency_human":"2.924021ms","bytes_in":0,"bytes_out":75}
{"level":"debug","ts":"2026-08-21T11:41:54.602+0700","caller":"cache/redis_cache.go:98","msg":"Successfully cached data","cacheKey":"order:monthly:order:merchant:1:year:2024","expiration":"5m0s"}
{"time":"2026-08-21T11:41:54+07:00","id":"lSQCwVQMmeSzwAjqgpGQtKIpdScwIwfk","remote_ip":"::1","host":"localhost:5000","method":"GET","uri":"/api/order/merchant/monthly-revenue?year=2024&merchant_id=1","status":200,"error":"","latency":3243422,"latency_human":"3.243422ms","bytes_in":0,"bytes_out":88}
{"level":"debug","ts":"2026-08-21T11:41:54.606+0700","caller":"cache/redis_cache.go:98","msg":"Successfully cached data","cacheKey":"order:yearly:order:merchant:1:year:2024","expiration":"5m0s"}
{"time":"2026-08-21T11:41:54+07:00","id":"jAmgSGTEinWjqsgKbFvrJBvZzAWSaWjJ","remote_ip":"::1","host":"localhost:5000","method":"GET","uri":"/api/order/merchant/yearly-revenue?year=2024&merchant_id=1","status":200,"error":"","latency":3475059,"latency_human":"3.475059ms","bytes_in":0,"bytes_out":87}
{"level":"info","ts":"2026-08-21T11:41:54.607+0700","caller":"observability/tracing_metrics.go:105","msg":"Start: GetMonthlyAmountSuccess"}
{"level":"debug","ts":"2026-08-21T11:41:54.611+0700","caller":"cache/redis_cache.go:98","msg":"Successfully cached data","cacheKey":"transaction:month:amount:success:month:1:year:2024","expiration":"5m0s"}
{"level":"info","ts":"2026-08-21T11:41:54.611+0700","caller":"observability/tracing_metrics.go:122","msg":"Request completed successfully"}
{"time":"2026-08-21T11:41:54+07:00","id":"CTIWevuWipRUVtlblYicwAIgxuIoxUlL","remote_ip":"::1","host":"localhost:5000","method":"GET","uri":"/api/transaction-stats/monthly-success?year=2024&month=1","status":200,"error":"","latency":4383480,"latency_human":"4.38348ms","bytes_in":0,"bytes_out":222}
{"level":"info","ts":"2026-08-21T11:41:54.612+0700","caller":"observability/tracing_metrics.go:105","msg":"Start: GetYearlyAmountSuccess"}
{"level":"debug","ts":"2026-08-21T11:41:54.615+0700","caller":"cache/redis_cache.go:98","msg":"Successfully cached data","cacheKey":"transaction:year:amount:success:year:2024","expiration":"5m0s"}
{"level":"info","ts":"2026-08-21T11:41:54.615+0700","caller":"observability/tracing_metrics.go:122","msg":"Request completed successfully"}
{"time":"2026-08-21T11:41:54+07:00","id":"clPdZjmyRkIsHdvlLhcbZuoynUdOgeRi","remote_ip":"::1","host":"localhost:5000","method":"GET","uri":"/api/transaction-stats/yearly-success?year=2024","status":200,"error":"","latency":3205009,"latency_human":"3.205009ms","bytes_in":0,"bytes_out":193}
{"level":"info","ts":"2026-08-21T11:41:54.616+0700","caller":"observability/tracing_metrics.go:105","msg":"Start: GetMonthlyAmountFailed"}
{"level":"debug","ts":"2026-08-21T11:41:54.620+0700","caller":"cache/redis_cache.go:98","msg":"Successfully cached data","cacheKey":"transaction:month:amount:failed:month:1:year:2024","expiration":"5m0s"}
{"level":"info","ts":"2026-08-21T11:41:54.620+0700","caller":"observability/tracing_metrics.go:122","msg":"Request completed successfully"}
{"time":"2026-08-21T11:41:54+07:00","id":"FWXXGZIUvGpRbikbZgfTmODySMtAapMd","remote_ip":"::1","host":"localhost:5000","method":"GET","uri":"/api/transaction-stats/monthly-failed?year=2024&month=1","status":200,"error":"","latency":4340458,"latency_human":"4.340458ms","bytes_in":0,"bytes_out":219}
{"level":"info","ts":"2026-08-21T11:41:54.621+0700","caller":"observability/tracing_metrics.go:105","msg":"Start: GetYearlyAmountFailed"}
{"level":"debug","ts":"2026-08-21T11:41:54.624+0700","caller":"cache/redis_cache.go:98","msg":"Successfully cached data","cacheKey":"transaction:year:amount:failed:year:2024","expiration":"5m0s"}
{"level":"info","ts":"2026-08-21T11:41:54.624+0700","caller":"observability/tracing_metrics.go:122","msg":"Request completed successfully"}
{"time":"2026-08-21T11:41:54+07:00","id":"ErskHXXMpUMIfNNoTodjpRSDFCnWRlQq","remote_ip":"::1","host":"localhost:5000","method":"GET","uri":"/api/transaction-stats/yearly-failed?year=2024","status":200,"error":"","latency":3326791,"latency_human":"3.326791ms","bytes_in":0,"bytes_out":190}
{"level":"info","ts":"2026-08-21T11:41:54.625+0700","caller":"observability/tracing_metrics.go:105","msg":"Start: GetMonthlyAmountSuccessByMerchant"}
{"level":"debug","ts":"2026-08-21T11:41:54.629+0700","caller":"cache/redis_cache.go:98","msg":"Successfully cached data","cacheKey":"transaction:month:amount:success:merchant:1:month:1:year:2024","expiration":"5m0s"}
{"level":"info","ts":"2026-08-21T11:41:54.629+0700","caller":"observability/tracing_metrics.go:122","msg":"Request completed successfully"}
{"time":"2026-08-21T11:41:54+07:00","id":"vHIxQotQASaXpINCpIBIMwdxFdRQMZbL","remote_ip":"::1","host":"localhost:5000","method":"GET","uri":"/api/transaction-stats/merchant/monthly-success?year=2024&month=1&merchant_id=1","status":200,"error":"","latency":4044807,"latency_human":"4.044807ms","bytes_in":0,"bytes_out":234}
{"level":"info","ts":"2026-08-21T11:41:54.629+0700","caller":"observability/tracing_metrics.go:105","msg":"Start: GetYearlyAmountSuccessByMerchant"}
{"level":"debug","ts":"2026-08-21T11:41:54.632+0700","caller":"cache/redis_cache.go:98","msg":"Successfully cached data","cacheKey":"transaction:year:amount:success:merchant:1:year:2024","expiration":"5m0s"}
{"level":"info","ts":"2026-08-21T11:41:54.632+0700","caller":"observability/tracing_metrics.go:122","msg":"Request completed successfully"}
{"time":"2026-08-21T11:41:54+07:00","id":"jaeNXhDhfHiVMUQwQjNpyxxbWbaULviG","remote_ip":"::1","host":"localhost:5000","method":"GET","uri":"/api/transaction-stats/merchant/yearly-success?year=2024&merchant_id=1","status":200,"error":"","latency":3290039,"latency_human":"3.290039ms","bytes_in":0,"bytes_out":205}
{"level":"info","ts":"2026-08-21T11:41:54.633+0700","caller":"observability/tracing_metrics.go:105","msg":"Start: GetMonthlyAmountFailedByMerchant"}
{"level":"debug","ts":"2026-08-21T11:41:54.636+0700","caller":"cache/redis_cache.go:98","msg":"Successfully cached data","cacheKey":"transaction:month:amount:failed:merchant:1:month:1:year:2024","expiration":"5m0s"}
{"level":"info","ts":"2026-08-21T11:41:54.636+0700","caller":"observability/tracing_metrics.go:122","msg":"Request completed successfully"}
{"time":"2026-08-21T11:41:54+07:00","id":"vbcVvUeocWSJjUUcFJuAcBsRAykzrill","remote_ip":"::1","host":"localhost:5000","method":"GET","uri":"/api/transaction-stats/merchant/monthly-failed?year=2024&month=1&merchant_id=1","status":200,"error":"","latency":3454050,"latency_human":"3.45405ms","bytes_in":0,"bytes_out":231}
{"level":"info","ts":"2026-08-21T11:41:54.637+0700","caller":"observability/tracing_metrics.go:105","msg":"Start: GetYearlyAmountFailedByMerchant"}
{"level":"debug","ts":"2026-08-21T11:41:54.640+0700","caller":"cache/redis_cache.go:98","msg":"Successfully cached data","cacheKey":"transaction:year:amount:failed:merchant:1:year:2024","expiration":"5m0s"}
{"level":"info","ts":"2026-08-21T11:41:54.640+0700","caller":"observability/tracing_metrics.go:122","msg":"Request completed successfully"}
{"time":"2026-08-21T11:41:54+07:00","id":"MCQmdWoIEcngATTGubmYeRXdcAGHbBwp","remote_ip":"::1","host":"localhost:5000","method":"GET","uri":"/api/transaction-stats/merchant/yearly-failed?year=2024&merchant_id=1","status":200,"error":"","latency":2991344,"latency_human":"2.991344ms","bytes_in":0,"bytes_out":202}
{"level":"info","ts":"2026-08-21T11:41:54.641+0700","caller":"observability/tracing_metrics.go:105","msg":"Start: GetMonthlyTransactionMethodSuccess"}
{"level":"debug","ts":"2026-08-21T11:41:54.645+0700","caller":"cache/redis_cache.go:98","msg":"Successfully cached data","cacheKey":"transaction:month:method:success:month:1:year:2024","expiration":"5m0s"}
{"level":"info","ts":"2026-08-21T11:41:54.645+0700","caller":"observability/tracing_metrics.go:122","msg":"Request completed successfully"}
{"time":"2026-08-21T11:41:54+07:00","id":"MPGyIpdTtYjZScLWDjcGMxSNipAIexAC","remote_ip":"::1","host":"localhost:5000","method":"GET","uri":"/api/transaction-stats/monthly-method-success?year=2024&month=1","status":200,"error":"","latency":4904267,"latency_human":"4.904267ms","bytes_in":0,"bytes_out":966}
{"level":"info","ts":"2026-08-21T11:41:54.646+0700","caller":"observability/tracing_metrics.go:105","msg":"Start: GetYearlyTransactionMethodSuccess"}
{"level":"debug","ts":"2026-08-21T11:41:54.649+0700","caller":"cache/redis_cache.go:98","msg":"Successfully cached data","cacheKey":"transaction:year:method:success:year:2024","expiration":"5m0s"}
{"level":"info","ts":"2026-08-21T11:41:54.650+0700","caller":"observability/tracing_metrics.go:122","msg":"Request completed successfully"}
{"time":"2026-08-21T11:41:54+07:00","id":"wLnaVVVLNanlmOyPbaJVbpxykbAOvDyA","remote_ip":"::1","host":"localhost:5000","method":"GET","uri":"/api/transaction-stats/yearly-method-success?year=2024","status":200,"error":"","latency":3640185,"latency_human":"3.640185ms","bytes_in":0,"bytes_out":965}
{"level":"info","ts":"2026-08-21T11:41:54.650+0700","caller":"observability/tracing_metrics.go:105","msg":"Start: GetMonthlyTransactionMethodByMerchantSuccess"}
{"level":"debug","ts":"2026-08-21T11:41:54.654+0700","caller":"cache/redis_cache.go:98","msg":"Successfully cached data","cacheKey":"transaction:month:method:success:merchant:1:month:1:year:2024","expiration":"5m0s"}
{"level":"info","ts":"2026-08-21T11:41:54.654+0700","caller":"observability/tracing_metrics.go:122","msg":"Request completed successfully"}
{"time":"2026-08-21T11:41:54+07:00","id":"XZZvzoUEmDxjwBawRgjXnUmtRwvInhzp","remote_ip":"::1","host":"localhost:5000","method":"GET","uri":"/api/transaction-stats/merchant/monthly-method-success?year=2024&month=1&merchant_id=1","status":200,"error":"","latency":4256218,"latency_human":"4.256218ms","bytes_in":0,"bytes_out":978}
{"level":"info","ts":"2026-08-21T11:41:54.655+0700","caller":"observability/tracing_metrics.go:105","msg":"Start: GetYearlyTransactionMethodByMerchantSuccess"}
{"level":"debug","ts":"2026-08-21T11:41:54.658+0700","caller":"cache/redis_cache.go:98","msg":"Successfully cached data","cacheKey":"transaction:year:method:success:merchant:1:year:2024","expiration":"5m0s"}
{"level":"info","ts":"2026-08-21T11:41:54.659+0700","caller":"observability/tracing_metrics.go:122","msg":"Request completed successfully"}
{"time":"2026-08-21T11:41:54+07:00","id":"OmOeSQgzBKwnczriRlKVGXmFIFnGStct","remote_ip":"::1","host":"localhost:5000","method":"GET","uri":"/api/transaction-stats/merchant/yearly-method-success?year=2024&merchant_id=1","status":200,"error":"","latency":3661081,"latency_human":"3.661081ms","bytes_in":0,"bytes_out":1408}
{"level":"info","ts":"2026-08-21T11:41:54.659+0700","caller":"observability/tracing_metrics.go:105","msg":"Start: GetMonthlyTransactionMethodFailed"}
{"level":"debug","ts":"2026-08-21T11:41:54.663+0700","caller":"cache/redis_cache.go:98","msg":"Successfully cached data","cacheKey":"transaction:month:method:failed:month:1:year:2024","expiration":"5m0s"}
{"level":"info","ts":"2026-08-21T11:41:54.663+0700","caller":"observability/tracing_metrics.go:122","msg":"Request completed successfully"}
{"time":"2026-08-21T11:41:54+07:00","id":"yZQIDiQCNKIlPvvOIJevYVxSsWXMCRAM","remote_ip":"::1","host":"localhost:5000","method":"GET","uri":"/api/transaction-stats/monthly-method-failed?year=2024&month=1","status":200,"error":"","latency":4313764,"latency_human":"4.313764ms","bytes_in":0,"bytes_out":965}
{"level":"info","ts":"2026-08-21T11:41:54.664+0700","caller":"observability/tracing_metrics.go:105","msg":"Start: GetYearlyTransactionMethodFailed"}
{"level":"debug","ts":"2026-08-21T11:41:54.668+0700","caller":"cache/redis_cache.go:98","msg":"Successfully cached data","cacheKey":"transaction:year:method:failed:year:2024","expiration":"5m0s"}
{"level":"info","ts":"2026-08-21T11:41:54.668+0700","caller":"observability/tracing_metrics.go:122","msg":"Request completed successfully"}
{"time":"2026-08-21T11:41:54+07:00","id":"kPYSkSAgKvhsCCiLyWmSwPauGZrtXqcR","remote_ip":"::1","host":"localhost:5000","method":"GET","uri":"/api/transaction-stats/yearly-method-failed?year=2024","status":200,"error":"","latency":3715601,"latency_human":"3.715601ms","bytes_in":0,"bytes_out":964}
{"level":"info","ts":"2026-08-21T11:41:54.668+0700","caller":"observability/tracing_metrics.go:105","msg":"Start: GetMonthlyTransactionMethodByMerchantFailed"}
{"level":"debug","ts":"2026-08-21T11:41:54.672+0700","caller":"cache/redis_cache.go:98","msg":"Successfully cached data","cacheKey":"transaction:month:method:failed:merchant:1:month:1:year:2024","expiration":"5m0s"}
{"level":"info","ts":"2026-08-21T11:41:54.672+0700","caller":"observability/tracing_metrics.go:122","msg":"Request completed successfully"}
{"time":"2026-08-21T11:41:54+07:00","id":"eBQwYWFYeGvOdVhzmwHXqDiGOcfgoEbd","remote_ip":"::1","host":"localhost:5000","method":"GET","uri":"/api/transaction-stats/merchant/monthly-method-failed?year=2024&month=1&merchant_id=1","status":200,"error":"","latency":3928476,"latency_human":"3.928476ms","bytes_in":0,"bytes_out":977}
{"level":"info","ts":"2026-08-21T11:41:54.673+0700","caller":"observability/tracing_metrics.go:105","msg":"Start: GetYearlyTransactionMethodByMerchantFailed"}
{"level":"debug","ts":"2026-08-21T11:41:54.676+0700","caller":"cache/redis_cache.go:98","msg":"Successfully cached data","cacheKey":"transaction:year:method:failed:merchant:1:year:2024","expiration":"5m0s"}
{"level":"info","ts":"2026-08-21T11:41:54.677+0700","caller":"observability/tracing_metrics.go:122","msg":"Request completed successfully"}
{"time":"2026-08-21T11:41:54+07:00","id":"QvZiWacjxDGUkEVCBEwzjiYextJPOhEI","remote_ip":"::1","host":"localhost:5000","method":"GET","uri":"/api/transaction-stats/merchant/yearly-method-failed?year=2024&merchant_id=1","status":200,"error":"","latency":3828385,"latency_human":"3.828385ms","bytes_in":0,"bytes_out":976}
2026/08/21 11:41:56 exporter export timeout: rpc error: code = Unavailable desc = connection error: desc = "transport: Error while dialing: dial tcp 127.0.0.1:4317: connect: connection refused"
{"level":"info","ts":"2026-08-21T11:41:56.703+0700","caller":"observability/tracing_metrics.go:105","msg":"Start: register"}
{"level":"info","ts":"2026-08-21T11:41:56.855+0700","caller":"observability/tracing_metrics.go:122","msg":"Request completed successfully"}
{"time":"2026-08-21T11:41:56+07:00","id":"uHKyRlOgHTUmEAWPjmpztggzHkudjWjD","remote_ip":"::1","host":"localhost:5000","method":"POST","uri":"/api/auth/register","status":201,"error":"","latency":151918528,"latency_human":"151.918528ms","bytes_in":184,"bytes_out":259}
{"level":"info","ts":"2026-08-21T11:41:56.856+0700","caller":"observability/tracing_metrics.go:105","msg":"Start: login"}
{"level":"debug","ts":"2026-08-21T11:41:57.003+0700","caller":"cache/redis_cache.go:98","msg":"Successfully cached data","cacheKey":"auth:login:hurl.transaction.1787287284@example.com","expiration":"5m0s"}
{"level":"info","ts":"2026-08-21T11:41:57.003+0700","caller":"observability/tracing_metrics.go:122","msg":"Request completed successfully"}
{"time":"2026-08-21T11:41:57+07:00","id":"hVWByMzfzMvozVGCMOdhSSiLAiokZOar","remote_ip":"::1","host":"localhost:5000","method":"POST","uri":"/api/auth/login","status":200,"error":"","latency":147249141,"latency_human":"147.249141ms","bytes_in":89,"bytes_out":389}
{"level":"debug","ts":"2026-08-21T11:41:57.007+0700","caller":"upload_image/upload.go:119","msg":"Successfully saved uploaded file","path":"uploads/category/1787287317007055618.png","size":70,"is_document":false}
{"time":"2026-08-21T11:41:57+07:00","id":"mtrgXzwogOiMIwPDkCfZCdCaLQeyxEKi","remote_ip":"::1","host":"localhost:5000","method":"POST","uri":"/api/category-command/create","status":201,"error":"","latency":3809964,"latency_human":"3.809964ms","bytes_in":690,"bytes_out":340}
{"time":"2026-08-21T11:41:57+07:00","id":"uOWOikzgFbFDAudzbiGSPyWGKECIczek","remote_ip":"::1","host":"localhost:5000","method":"POST","uri":"/api/merchant-command/create","status":201,"error":"","latency":11733977,"latency_human":"11.733977ms","bytes_in":272,"bytes_out":378}
{"level":"debug","ts":"2026-08-21T11:41:57.024+0700","caller":"upload_image/upload.go:119","msg":"Successfully saved uploaded file","path":"uploads/products/1787287317024349163.png","size":70,"is_document":false}
{"level":"info","ts":"2026-08-21T11:41:57.033+0700","caller":"cache/redis_cache.go:208","msg":"Invalidated cache keys","pattern":"product:*","count":0}
{"time":"2026-08-21T11:41:57+07:00","id":"gmCPOTxMnEMsRhNWcgLKQEJPpXjHzNYK","remote_ip":"::1","host":"localhost:5000","method":"POST","uri":"/api/product-command/create","status":201,"error":"","latency":9149772,"latency_human":"9.149772ms","bytes_in":1433,"bytes_out":437}
{"time":"2026-08-21T11:41:57+07:00","id":"fgyLbmtsZTpSRTjIFkuAsJaJUFEGmqDk","remote_ip":"::1","host":"localhost:5000","method":"POST","uri":"/api/order-command/create","status":200,"error":"","latency":17396538,"latency_human":"17.396538ms","bytes_in":455,"bytes_out":206}
{"level":"info","ts":"2026-08-21T11:41:57.051+0700","caller":"observability/tracing_metrics.go:105","msg":"Start: CreateTransaction"}
{"level":"info","ts":"2026-08-21T11:41:57.073+0700","caller":"cache/redis_cache.go:208","msg":"Invalidated cache keys","pattern":"transaction:*","count":36}
{"level":"info","ts":"2026-08-21T11:41:57.073+0700","caller":"observability/tracing_metrics.go:122","msg":"Request completed successfully"}
{"time":"2026-08-21T11:41:57+07:00","id":"faxpzvAJriISWDPXceObLdYeKWgAewOq","remote_ip":"::1","host":"localhost:5000","method":"POST","uri":"/api/transaction-command/create","status":201,"error":"","latency":22167982,"latency_human":"22.167982ms","bytes_in":149,"bytes_out":251}
{"level":"info","ts":"2026-08-21T11:41:57.074+0700","caller":"observability/tracing_metrics.go:105","msg":"Start: FindAllTransactions"}
{"level":"debug","ts":"2026-08-21T11:41:57.078+0700","caller":"cache/redis_cache.go:98","msg":"Successfully cached data","cacheKey":"transaction:all:page:1:pageSize:10:search:","expiration":"5m0s"}
{"level":"info","ts":"2026-08-21T11:41:57.078+0700","caller":"observability/tracing_metrics.go:122","msg":"Request completed successfully"}
{"time":"2026-08-21T11:41:57+07:00","id":"DCQppydNRsJseAPFwMprJiMzZUJWZlya","remote_ip":"::1","host":"localhost:5000","method":"GET","uri":"/api/transaction-query?page=1&page_size=10","status":200,"error":"","latency":3805768,"latency_human":"3.805768ms","bytes_in":0,"bytes_out":1956}
{"level":"info","ts":"2026-08-21T11:41:57.078+0700","caller":"observability/tracing_metrics.go:105","msg":"Start: FindById"}
{"level":"debug","ts":"2026-08-21T11:41:57.081+0700","caller":"cache/redis_cache.go:98","msg":"Successfully cached data","cacheKey":"transaction:id:11","expiration":"5m0s"}
{"level":"info","ts":"2026-08-21T11:41:57.081+0700","caller":"observability/tracing_metrics.go:122","msg":"Request completed successfully"}
{"time":"2026-08-21T11:41:57+07:00","id":"RrHGHpXAjcqzcKosEuGsxwVddAUeVVBf","remote_ip":"::1","host":"localhost:5000","method":"GET","uri":"/api/transaction-query/11","status":200,"error":"","latency":2463056,"latency_human":"2.463056ms","bytes_in":0,"bytes_out":251}
{"level":"info","ts":"2026-08-21T11:41:57.081+0700","caller":"observability/tracing_metrics.go:105","msg":"Start: FindByMerchant"}
{"level":"debug","ts":"2026-08-21T11:41:57.084+0700","caller":"cache/redis_cache.go:98","msg":"Successfully cached data","cacheKey":"transaction:merchant:26:page:1:pageSize:10:search:","expiration":"5m0s"}
{"level":"info","ts":"2026-08-21T11:41:57.084+0700","caller":"observability/tracing_metrics.go:122","msg":"Request completed successfully"}
{"time":"2026-08-21T11:41:57+07:00","id":"LKcLDJczWvlAPpcXRvSUquYFQVPbhdxQ","remote_ip":"::1","host":"localhost:5000","method":"GET","uri":"/api/transaction-query/merchant/26?page=1&page_size=10","status":200,"error":"","latency":2630691,"latency_human":"2.630691ms","bytes_in":0,"bytes_out":347}
{"level":"info","ts":"2026-08-21T11:41:57.085+0700","caller":"observability/tracing_metrics.go:105","msg":"Start: TrashedTransaction"}
{"level":"info","ts":"2026-08-21T11:41:57.098+0700","caller":"cache/redis_cache.go:208","msg":"Invalidated cache keys","pattern":"transaction:*","count":3}
{"level":"info","ts":"2026-08-21T11:41:57.098+0700","caller":"observability/tracing_metrics.go:122","msg":"Request completed successfully"}
{"time":"2026-08-21T11:41:57+07:00","id":"rqhdrIRklhGfZUSuEkbNJRxiTyzlooti","remote_ip":"::1","host":"localhost:5000","method":"POST","uri":"/api/transaction-command/trashed/11","status":200,"error":"","latency":14008447,"latency_human":"14.008447ms","bytes_in":0,"bytes_out":286}
{"level":"info","ts":"2026-08-21T11:41:57.100+0700","caller":"observability/tracing_metrics.go:105","msg":"Start: RestoreTransaction"}
{"level":"info","ts":"2026-08-21T11:41:57.107+0700","caller":"cache/redis_cache.go:208","msg":"Invalidated cache keys","pattern":"transaction:*","count":0}
{"level":"info","ts":"2026-08-21T11:41:57.107+0700","caller":"observability/tracing_metrics.go:122","msg":"Request completed successfully"}
{"time":"2026-08-21T11:41:57+07:00","id":"FSZPxnqvdhYKPyUYilVSovFXjlZUSKcZ","remote_ip":"::1","host":"localhost:5000","method":"POST","uri":"/api/transaction-command/restore/11","status":200,"error":"","latency":7726434,"latency_human":"7.726434ms","bytes_in":0,"bytes_out":268}
2026/08/21 11:41:58 traces export: exporter export timeout: rpc error: code = Unavailable desc = connection error: desc = "transport: Error while dialing: dial tcp 127.0.0.1:4317: connect: connection refused"
{"level":"info","ts":"2026-08-21T11:41:59.133+0700","caller":"observability/tracing_metrics.go:105","msg":"Start: register"}
{"level":"info","ts":"2026-08-21T11:41:59.289+0700","caller":"observability/tracing_metrics.go:122","msg":"Request completed successfully"}
{"time":"2026-08-21T11:41:59+07:00","id":"jFvGgVBjgwLKBSQpRuDnQleCMcUbUAjO","remote_ip":"::1","host":"localhost:5000","method":"POST","uri":"/api/auth/register","status":201,"error":"","latency":156878100,"latency_human":"156.8781ms","bytes_in":170,"bytes_out":245}
{"level":"info","ts":"2026-08-21T11:41:59.290+0700","caller":"observability/tracing_metrics.go:105","msg":"Start: login"}
{"level":"debug","ts":"2026-08-21T11:41:59.444+0700","caller":"cache/redis_cache.go:98","msg":"Successfully cached data","cacheKey":"auth:login:hurl.user.1787287284@example.com","expiration":"5m0s"}
{"level":"info","ts":"2026-08-21T11:41:59.444+0700","caller":"observability/tracing_metrics.go:122","msg":"Request completed successfully"}
{"time":"2026-08-21T11:41:59+07:00","id":"gDdCFTZLJyqTjVJkSWYOudAMCYxjkkCE","remote_ip":"::1","host":"localhost:5000","method":"POST","uri":"/api/auth/login","status":200,"error":"","latency":153669274,"latency_human":"153.669274ms","bytes_in":82,"bytes_out":389}
{"level":"info","ts":"2026-08-21T11:41:59.444+0700","caller":"observability/tracing_metrics.go:105","msg":"Start: create-user"}
{"level":"debug","ts":"2026-08-21T11:41:59.594+0700","caller":"cache/redis_cache.go:98","msg":"Successfully cached data","cacheKey":"user:id:58","expiration":"5m0s"}
{"level":"info","ts":"2026-08-21T11:41:59.594+0700","caller":"observability/tracing_metrics.go:122","msg":"Request completed successfully"}
{"time":"2026-08-21T11:41:59+07:00","id":"FCiYudpdVCoHAfeswhzqKXwYLxngcxlC","remote_ip":"::1","host":"localhost:5000","method":"POST","uri":"/api/user-command/create","status":200,"error":"","latency":149575908,"latency_human":"149.575908ms","bytes_in":178,"bytes_out":236}
{"level":"info","ts":"2026-08-21T11:41:59.594+0700","caller":"observability/tracing_metrics.go:105","msg":"Start: find-all-users"}
{"level":"info","ts":"2026-08-21T11:41:59.595+0700","caller":"observability/tracing_metrics.go:122","msg":"Request completed successfully"}
{"time":"2026-08-21T11:41:59+07:00","id":"hkaySpSipDvmbCHIfZpVXchHlQJYvnkV","remote_ip":"::1","host":"localhost:5000","method":"GET","uri":"/api/user-query?page=1&page_size=10","status":200,"error":"","latency":567411,"latency_human":"567.411µs","bytes_in":0,"bytes_out":1834}
{"level":"info","ts":"2026-08-21T11:41:59.595+0700","caller":"observability/tracing_metrics.go:105","msg":"Start: find-active-users"}
{"level":"info","ts":"2026-08-21T11:41:59.596+0700","caller":"observability/tracing_metrics.go:122","msg":"Request completed successfully"}
{"time":"2026-08-21T11:41:59+07:00","id":"QcxRdnHFwIqufyTGQoDNQcMLZDBLtzjQ","remote_ip":"::1","host":"localhost:5000","method":"GET","uri":"/api/user-query/active?page=1&page_size=10","status":200,"error":"","latency":626260,"latency_human":"626.26µs","bytes_in":0,"bytes_out":2201}
{"level":"info","ts":"2026-08-21T11:41:59.597+0700","caller":"observability/tracing_metrics.go:105","msg":"Start: find-user-by-id"}
{"level":"info","ts":"2026-08-21T11:41:59.597+0700","caller":"observability/tracing_metrics.go:122","msg":"Request completed successfully"}
{"time":"2026-08-21T11:41:59+07:00","id":"KDkkjcsOgQBJUVmEUeGNnlbJjPNePNQQ","remote_ip":"::1","host":"localhost:5000","method":"GET","uri":"/api/user-query/58","status":200,"error":"","latency":455477,"latency_human":"455.477µs","bytes_in":0,"bytes_out":236}
{"level":"info","ts":"2026-08-21T11:41:59.597+0700","caller":"observability/tracing_metrics.go:105","msg":"Start: update-user"}
{"level":"debug","ts":"2026-08-21T11:41:59.743+0700","caller":"cache/redis_cache.go:98","msg":"Successfully cached data","cacheKey":"user:id:58","expiration":"5m0s"}
{"level":"info","ts":"2026-08-21T11:41:59.743+0700","caller":"observability/tracing_metrics.go:122","msg":"Request completed successfully"}
{"time":"2026-08-21T11:41:59+07:00","id":"VUxdrYuTLdwyebGJmcgTTtPZlXOlBveI","remote_ip":"::1","host":"localhost:5000","method":"POST","uri":"/api/user-command/update/58","status":200,"error":"","latency":145366811,"latency_human":"145.366811ms","bytes_in":179,"bytes_out":237}
{"level":"info","ts":"2026-08-21T11:41:59.743+0700","caller":"observability/tracing_metrics.go:105","msg":"Start: trash-user"}
{"level":"info","ts":"2026-08-21T11:41:59.746+0700","caller":"observability/tracing_metrics.go:122","msg":"Request completed successfully"}
{"time":"2026-08-21T11:41:59+07:00","id":"VmwiQGqwvDhiglZQGpIsjjPJJTGJkiTX","remote_ip":"::1","host":"localhost:5000","method":"POST","uri":"/api/user-command/trashed/58","status":200,"error":"","latency":2847380,"latency_human":"2.84738ms","bytes_in":0,"bytes_out":273}
{"level":"info","ts":"2026-08-21T11:41:59.747+0700","caller":"observability/tracing_metrics.go:105","msg":"Start: find-trashed-users"}
{"level":"info","ts":"2026-08-21T11:41:59.747+0700","caller":"observability/tracing_metrics.go:122","msg":"Request completed successfully"}
{"time":"2026-08-21T11:41:59+07:00","id":"hOuUnAcldIAYosklSOldFASIHcWItmCk","remote_ip":"::1","host":"localhost:5000","method":"GET","uri":"/api/user-query/trashed?page=1&page_size=10","status":200,"error":"","latency":614313,"latency_human":"614.313µs","bytes_in":0,"bytes_out":1468}
{"level":"info","ts":"2026-08-21T11:41:59.748+0700","caller":"observability/tracing_metrics.go:105","msg":"Start: restore-user"}
{"level":"info","ts":"2026-08-21T11:41:59.751+0700","caller":"observability/tracing_metrics.go:122","msg":"Request completed successfully"}
{"time":"2026-08-21T11:41:59+07:00","id":"DgbJNRtminlwtBvWFcwoSNTkrJMpPKOh","remote_ip":"::1","host":"localhost:5000","method":"POST","uri":"/api/user-command/restore/58","status":200,"error":"","latency":3055046,"latency_human":"3.055046ms","bytes_in":0,"bytes_out":274}
{"level":"info","ts":"2026-08-21T11:41:59.752+0700","caller":"observability/tracing_metrics.go:105","msg":"Start: delete-user-permanent"}
{"level":"info","ts":"2026-08-21T11:41:59.753+0700","caller":"observability/tracing_metrics.go:122","msg":"Request completed successfully"}
{"time":"2026-08-21T11:41:59+07:00","id":"LGjPCIgOdUcGSlEfQcakyWzIBsLCvLLC","remote_ip":"::1","host":"localhost:5000","method":"DELETE","uri":"/api/user-command/permanent/58","status":200,"error":"","latency":2044799,"latency_human":"2.044799ms","bytes_in":0,"bytes_out":71}
2026/08/21 11:42:06 exporter export timeout: rpc error: code = Unavailable desc = connection error: desc = "transport: Error while dialing: dial tcp 127.0.0.1:4317: connect: connection refused"
2026/08/21 11:42:08 traces export: exporter export timeout: rpc error: code = Unavailable desc = connection error: desc = "transport: Error while dialing: dial tcp 127.0.0.1:4317: connect: connection refused"
{"level":"info","ts":"2026-08-21T11:42:13.050+0700","caller":"apps/client.go:180","msg":"Cache statistics","ref_count":0,"total_keys":300,"hit_rate":84.01610229694529,"memory_used":"1.7 MB","high_ref_count":false}
2026/08/21 11:42:16 exporter export timeout: rpc error: code = Unavailable desc = connection error: desc = "transport: Error while dialing: dial tcp 127.0.0.1:4317: connect: connection refused"
2026/08/21 11:42:18 traces export: exporter export timeout: rpc error: code = Unavailable desc = connection error: desc = "transport: Error while dialing: dial tcp 127.0.0.1:4317: connect: connection refused"
2026/08/21 11:42:23 failed to upload metrics: exporter export timeout: rpc error: code = Unavailable desc = connection error: desc = "transport: Error while dialing: dial tcp 127.0.0.1:4317: connect: connection refused"
2026/08/21 11:42:26 exporter export timeout: rpc error: code = Unavailable desc = connection error: desc = "transport: Error while dialing: dial tcp 127.0.0.1:4317: connect: connection refused"
2026/08/21 11:42:28 traces export: exporter export timeout: rpc error: code = Unavailable desc = connection error: desc = "transport: Error while dialing: dial tcp 127.0.0.1:4317: connect: connection refused"
2026/08/21 11:42:36 exporter export timeout: rpc error: code = Unavailable desc = connection error: desc = "transport: Error while dialing: dial tcp 127.0.0.1:4317: connect: connection refused"
2026/08/21 11:42:38 traces export: exporter export timeout: rpc error: code = Unavailable desc = connection error: desc = "transport: Error while dialing: dial tcp 127.0.0.1:4317: connect: connection refused"
{"level":"info","ts":"2026-08-21T11:42:43.050+0700","caller":"apps/client.go:180","msg":"Cache statistics","ref_count":0,"total_keys":300,"hit_rate":84.01610229694529,"memory_used":"1.7 MB","high_ref_count":false}
2026/08/21 11:42:53 traces export: exporter export timeout: rpc error: code = Unavailable desc = connection error: desc = "transport: Error while dialing: dial tcp 127.0.0.1:4317: connect: connection refused"
2026/08/21 11:42:54 exporter export timeout: rpc error: code = Unavailable desc = connection error: desc = "transport: Error while dialing: dial tcp 127.0.0.1:4317: connect: connection refused"
{"level":"info","ts":"2026-08-21T11:43:13.050+0700","caller":"apps/client.go:180","msg":"Cache statistics","ref_count":0,"total_keys":222,"hit_rate":84.01610229694529,"memory_used":"1.6 MB","high_ref_count":false}
2026/08/21 11:43:23 failed to upload metrics: exporter export timeout: rpc error: code = Unavailable desc = connection error: desc = "transport: Error while dialing: dial tcp 127.0.0.1:4317: connect: connection refused"
2026/08/21 11:43:24 exporter export timeout: rpc error: code = Unavailable desc = connection error: desc = "transport: Error while dialing: dial tcp 127.0.0.1:4317: connect: connection refused"
{"level":"info","ts":"2026-08-21T11:43:43.050+0700","caller":"apps/client.go:180","msg":"Cache statistics","ref_count":0,"total_keys":197,"hit_rate":89.6978021978022,"memory_used":"1.6 MB","high_ref_count":false}
2026/08/21 11:43:54 exporter export timeout: rpc error: code = Unavailable desc = connection error: desc = "transport: Error while dialing: dial tcp 127.0.0.1:4317: connect: connection refused"
{"level":"info","ts":"2026-08-21T11:44:13.050+0700","caller":"apps/client.go:180","msg":"Cache statistics","ref_count":0,"total_keys":197,"hit_rate":89.6978021978022,"memory_used":"1.6 MB","high_ref_count":false}
2026/08/21 11:44:23 failed to upload metrics: exporter export timeout: rpc error: code = Unavailable desc = connection error: desc = "transport: Error while dialing: dial tcp 127.0.0.1:4317: connect: connection refused"
2026/08/21 11:44:24 exporter export timeout: rpc error: code = Unavailable desc = connection error: desc = "transport: Error while dialing: dial tcp 127.0.0.1:4317: connect: connection refused"
